,authors,title,journal,doc_type,total_cited,doi,doi_link,pub_year
0,"Long, L; Wu, CY; Yang, Z; Tang, CYY",Carbon Nanotube Interlayer Enhances Water Permeance and Antifouling Performance of Nanofiltration Membranes: Mechanisms and Experimental Evidence,ENVIRONMENTAL SCIENCE & TECHNOLOGY,Article,49,10.1021/acs.est.1c07332,http://dx.doi.org/10.1021/acs.est.1c07332,2022
1,"Song, KS; Fang, C; Jacinthe, PA; Wen, ZD; Liu, G; Xu, XF; Shang, YX; Lyu, LL",Climatic versus Anthropogenic Controls of Decadal Trends (1983-2017) in Algal Blooms in Lakes and Reservoirs across China,ENVIRONMENTAL SCIENCE & TECHNOLOGY,Article,47,10.1021/acs.est.0c06480,http://dx.doi.org/10.1021/acs.est.0c06480,2021
2,"Tang, HT; Zhang, S; Chen, WY",Assessing Representative CCUS Layouts for China's Power Sector toward Carbon Neutrality,ENVIRONMENTAL SCIENCE & TECHNOLOGY,Article,44,10.1021/acs.est.1c03401,http://dx.doi.org/10.1021/acs.est.1c03401,2021
3,"Zhu, JJ; Dressel, W; Pacion, K; Ren, ZYJ","ES&T in the 21st Century: A Data-Driven Analysis of Research Topics, Interconnections, And Trends in the Past 20 Years",ENVIRONMENTAL SCIENCE & TECHNOLOGY,Article,43,10.1021/acs.est.0c07551,http://dx.doi.org/10.1021/acs.est.0c07551,2021
4,"Jin, YL; Wang, LW; Song, YA; Zhu, J; Qin, MH; Wu, LH; Hu, PJ; Li, FB; Fang, LP; Chen, C; Hou, DY",Integrated Life Cycle Assessment for Sustainable Remediation of Contaminated Agricultural Soil in China,ENVIRONMENTAL SCIENCE & TECHNOLOGY,Article,39,10.1021/acs.est.1c02535,http://dx.doi.org/10.1021/acs.est.1c02535,2021
5,"Stone, B; Mallen, E; Rajput, M; Gronlund, CJ; Broadbent, AM; Krayenhoff, ES; Augenbroe, G; O'Neill, MS; Georgescu, M",Compound Climate and Infrastructure Events: How Electrical Grid Failure Alters Heat Wave Risk,ENVIRONMENTAL SCIENCE & TECHNOLOGY,Article,39,10.1021/acs.est.1c00024,http://dx.doi.org/10.1021/acs.est.1c00024,2021
6,"Ouyang, XG; Duarte, CM; Cheung, SG; Tam, NFY; Cannicci, S; Martin, C; Lo, HS; Lee, SY",Fate and Effects of Macro- and Microplastics in Coastal Wetlands,ENVIRONMENTAL SCIENCE & TECHNOLOGY,Article,37,10.1021/acs.est.1c06732,http://dx.doi.org/10.1021/acs.est.1c06732,2022
7,"Xu, HR; Ren, YA; Zhang, WX; Meng, WJ; Yun, X; Yu, XY; Li, J; Zhang, YZ; Shen, GF; Ma, JM; Li, BG; Cheng, HF; Wang, XL; Wan, Y; Tao, S","Updated Global Black Carbon Emissions from 1960 to 2017: Improvements, Trends, and Drivers",ENVIRONMENTAL SCIENCE & TECHNOLOGY,Article,35,10.1021/acs.est.1c03117,http://dx.doi.org/10.1021/acs.est.1c03117,2021
8,"Chen, YL; Sherwin, ED; Berman, ESF; Jones, BB; Gordon, MP; Wetherley, EB; Kort, EA; Brandt, AR",Quantifying Regional Methane Emissions in the New Mexico Permian Basin with a Comprehensive Aerial Survey,ENVIRONMENTAL SCIENCE & TECHNOLOGY,Article,32,10.1021/acs.est.1c06458,http://dx.doi.org/10.1021/acs.est.1c06458,2022
9,"Woolf, D; Lehmann, J; Ogle, S; Kishimoto-Mo, AW; McConkey, B; Baldock, J",Greenhouse Gas Inventory Model for Biochar Additions to Soil,ENVIRONMENTAL SCIENCE & TECHNOLOGY,Article,28,10.1021/acs.est.1c02425,http://dx.doi.org/10.1021/acs.est.1c02425,2021
10,"Kuittinen, N; Jalkanen, JP; Alanen, J; Ntziachristos, L; Hannuniemi, H; Johansson, L; Karjalainen, P; Saukko, E; Isotalo, M; Aakko-Saksa, P; Lehtoranta, K; Keskinen, J; Simonen, P; Saarikoski, S; Asmi, E; Laurila, T; Hillamo, R; Myllari, F; Lihavainen, H; Timonen, H; Ronkko, T",Shipping Remains a Globally Significant Source of Anthropogenic PN Emissions Even after 2020 Sulfur Regulation,ENVIRONMENTAL SCIENCE & TECHNOLOGY,Article,27,10.1021/acs.est.0c03627,http://dx.doi.org/10.1021/acs.est.0c03627,2021
11,"Lebel, ED; Finnegan, CJ; Ouyang, ZT; Jackson, RB","Methane and NOx Emissions from Natural Gas Stoves, Cooktops, and Ovens in Residential Homes",ENVIRONMENTAL SCIENCE & TECHNOLOGY,Article,26,10.1021/acs.est.1c04707,http://dx.doi.org/10.1021/acs.est.1c04707,2022
12,"He, QF; Tomaz, S; Li, CL; Zhu, M; Meidan, D; Riva, M; Laskin, A; Brown, SS; George, C; Wang, XM; Rudich, Y",Optical Properties of Secondary Organic Aerosol Produced by Nitrate Radical Oxidation of Biogenic Volatile Organic Compounds,ENVIRONMENTAL SCIENCE & TECHNOLOGY,Article,26,10.1021/acs.est.0c06838,http://dx.doi.org/10.1021/acs.est.0c06838,2021
13,"Yang, YY; Liu, L; Zhang, F; Zhang, XY; Xu, W; Liu, XJ; Wang, Z; Xie, YW",Soil Nitrous Oxide Emissions by Atmospheric Nitrogen Deposition over Global Agricultural Systems,ENVIRONMENTAL SCIENCE & TECHNOLOGY,Article,25,10.1021/acs.est.0c08004,http://dx.doi.org/10.1021/acs.est.0c08004,2021
14,"Fang, Y; Chen, YJ; Huang, GP; Hu, LM; Tian, CG; Xie, JQ; Lin, J; Lin, T","Particulate and Dissolved Black Carbon in Coastal China Seas: Spatiotemporal Variations, Dynamics, and Potential Implications",ENVIRONMENTAL SCIENCE & TECHNOLOGY,Article,24,10.1021/acs.est.0c06386,http://dx.doi.org/10.1021/acs.est.0c06386,2021
15,"Cheng, Y; Elrys, AS; Merwad, ARM; Zhang, HM; Chen, ZX; Zhang, JB; Cai, ZC; Muller, C",Global Patterns and Drivers of Soil Dissimilatory Nitrate Reduction to Ammonium,ENVIRONMENTAL SCIENCE & TECHNOLOGY,Article,23,10.1021/acs.est.1c07997,http://dx.doi.org/10.1021/acs.est.1c07997,2022
16,"Wang, QF; Qi, JY; Qiu, H; Li, J; Cole, J; Waldhoff, S; Zhang, XS",Pronounced Increases in Future Soil Erosion and Sediment Deposition as Influenced by Freeze-Thaw Cycles in the Upper Mississippi River Basin,ENVIRONMENTAL SCIENCE & TECHNOLOGY,Article,23,10.1021/acs.est.1c02692,http://dx.doi.org/10.1021/acs.est.1c02692,2021
17,"Jiang, JJ; Ye, B; Shao, S; Zhou, N; Wang, DS; Zeng, ZZ; Liu, JG","Two-Tier Synergic Governance of Greenhouse Gas Emissions and Air Pollution in China's Megacity, Shenzhen: Impact Evaluation and Policy Implication",ENVIRONMENTAL SCIENCE & TECHNOLOGY,Article,23,10.1021/acs.est.0c06952,http://dx.doi.org/10.1021/acs.est.0c06952,2021
18,"Calderon-Garciduenas, L; Ayala, A","Air Pollution, Ultrafine Particles, and Your Brain: Are CombustionNanoparticle Emissions and Engineered Nanoparticles CausingPreventable Fatal Neurodegenerative Diseases and CommonNeuropsychiatric Outcomes?",ENVIRONMENTAL SCIENCE & TECHNOLOGY,Article,22,10.1021/acs.est.1c04706,http://dx.doi.org/10.1021/acs.est.1c04706,2022
19,"Irakulis-Loitxate, I; Guanter, L; Maasakkers, JD; Zavala-Araiza, D; Aben, I",Satellites Detect Abatable Super-Emissions in One of the World's Largest Methane Hotspot Regions,ENVIRONMENTAL SCIENCE & TECHNOLOGY,Article,22,10.1021/acs.est.1c04873,http://dx.doi.org/10.1021/acs.est.1c04873,2022
20,"Dods, MN; Kim, EJ; Long, JR; Weston, SC",Deep CCS: Moving Beyond 90% Carbon Dioxide Capture,ENVIRONMENTAL SCIENCE & TECHNOLOGY,Article,22,10.1021/acs.est.0c07390,http://dx.doi.org/10.1021/acs.est.0c07390,2021
21,"Tu, QS; Parvatker, A; Garedew, M; Harris, C; Eckelman, M; Zimmerman, JB; Anastas, PT; Lam, CH",Electrocatalysis for Chemical and Fuel Production: Investigating Climate Change Mitigation Potential and Economic Feasibility,ENVIRONMENTAL SCIENCE & TECHNOLOGY,Article,22,10.1021/acs.est.0c07309,http://dx.doi.org/10.1021/acs.est.0c07309,2021
22,"Sadavarte, P; Pandey, S; Maasakkers, JD; Lorente, A; Borsdorff, T; van der Gon, HD; Houweling, S; Aben, I",Methane Emissions from Superemitting Coal Mines in Australia Quantified Using TROPOMI Satellite Observations,ENVIRONMENTAL SCIENCE & TECHNOLOGY,Article,21,10.1021/acs.est.1c03976,http://dx.doi.org/10.1021/acs.est.1c03976,2021
23,"Droz, B; Payraudeau, S; Martin, JAR; Toth, G; Panagos, P; Montanarella, L; Borrelli, P; Imfeld, G",Copper Content and Export in European Vineyard Soils Influenced by Climate and Soil Properties,ENVIRONMENTAL SCIENCE & TECHNOLOGY,Article,21,10.1021/acs.est.0c02093,http://dx.doi.org/10.1021/acs.est.0c02093,2021
24,"Gan, Y; Lu, ZF; He, X; Hao, CX; Wang, YJ; Cai, H; Wang, M; Elgowainy, A; Przesmitzki, S; Bouchard, J",Provincial Greenhouse Gas Emissions of Gasoline and Plug-in Electric Vehicles in China: Comparison from the Consumption-Based Electricity Perspective,ENVIRONMENTAL SCIENCE & TECHNOLOGY,Article,21,10.1021/acs.est.0c08217,http://dx.doi.org/10.1021/acs.est.0c08217,2021
25,"Krebs, B; Burney, J; Zivin, JG; Neidell, M",Using Crowd-Sourced Data to Assess the Temporal and Spatial Relationship between Indoor and Outdoor Particulate Matter,ENVIRONMENTAL SCIENCE & TECHNOLOGY,Article,21,10.1021/acs.est.0c08469,http://dx.doi.org/10.1021/acs.est.0c08469,2021
26,"Fonseca, FR; Craig, M; Jaramillo, P; Berges, M; Severnini, E; Loew, A; Zhai, HB; Cheng, YF; Nijssen, B; Voisin, N; Yearsley, J",Effects of Climate Change on Capacity Expansion Decisions of an Electricity Generation Fleet in the Southeast US,ENVIRONMENTAL SCIENCE & TECHNOLOGY,Article,21,10.1021/acs.est.0c06547,http://dx.doi.org/10.1021/acs.est.0c06547,2021
27,"Wang, NJ; Ernle, L; Beko, G; Wargocki, P; Williams, J",Emission Rates of Volatile Organic Compounds from Humans,ENVIRONMENTAL SCIENCE & TECHNOLOGY,Article,20,10.1021/acs.est.1c08764,http://dx.doi.org/10.1021/acs.est.1c08764,2022
28,"Ma, MC; Gao, Y; Ding, AJ; Su, H; Liao, H; Wang, SX; Wang, XM; Zhao, B; Zhang, SQ; Fu, PQ; Guenther, AB; Wang, MH; Li, SS; Chu, BW; Yao, XH; Gao, HW",Development and Assessment of a High-Resolution Biogenic Emission Inventory from Urban Green Spaces in China,ENVIRONMENTAL SCIENCE & TECHNOLOGY,Article,20,10.1021/acs.est.1c06170,http://dx.doi.org/10.1021/acs.est.1c06170,2022
29,"Purahong, W; Wahdan, SFM; Heinz, D; Jariyavidyanont, K; Sungkapreecha, C; Tanunchai, B; Sansupa, C; Sadubsarn, D; Alaneed, R; Heintz-Buschart, A; Schadler, M; Geissler, A; Kressler, J; Buscot, F",Back to the Future: Decomposability of a Biobased and Biodegradable Plastic in Field Soil Environments and Its Microbiome under Ambient and Future Climates,ENVIRONMENTAL SCIENCE & TECHNOLOGY,Article,20,10.1021/acs.est.1c02695,http://dx.doi.org/10.1021/acs.est.1c02695,2021
0,"Potapov, P; Li, XY; Hernandez-Serna, A; Tyukavina, A; Hansen, MC; Kommareddy, A; Pickens, A; Turubanova, S; Tang, H; Silva, CE; Armston, J; Dubayah, R; Blair, JB; Hofton, M",Mapping global forest canopy height through integration of GEDI and Landsat data,REMOTE SENSING OF ENVIRONMENT,Article,301,10.1016/j.rse.2020.112165,http://dx.doi.org/10.1016/j.rse.2020.112165,2021
1,"Jia, MM; Wang, ZM; Mao, DH; Ren, CY; Wang, C; Wang, YQ","Rapid, robust, and automated mapping of tidal flats in China using time series Sentinel-2 images and Google Earth Engine",REMOTE SENSING OF ENVIRONMENT,Article,103,10.1016/j.rse.2021.112285,http://dx.doi.org/10.1016/j.rse.2021.112285,2021
2,"Liu, AB; Cheng, X; Chen, ZQ",Performance evaluation of GEDI and ICESat-2 laser altimeter data for terrain and canopy height retrievals,REMOTE SENSING OF ENVIRONMENT,Article,87,10.1016/j.rse.2021.112571,http://dx.doi.org/10.1016/j.rse.2021.112571,2021
3,"Jiao, WZ; Wang, LX; McCabe, MF","Multi-sensor remote sensing for drought characterization: current status, opportunities and a roadmap for the future",REMOTE SENSING OF ENVIRONMENT,Article,81,10.1016/j.rse.2021.112313,http://dx.doi.org/10.1016/j.rse.2021.112313,2021
4,"Abowarda, AS; Bai, LL; Zhang, CJ; Long, D; Li, XY; Huang, Q; Sun, ZL",Generating surface soil moisture at 30 m spatial resolution using both data fusion and machine learning toward better water resources management at the field scale,REMOTE SENSING OF ENVIRONMENT,Article,72,10.1016/j.rse.2021.112301,http://dx.doi.org/10.1016/j.rse.2021.112301,2021
5,"Peng, J; Dan, YZ; Qiao, RL; Liu, YX; Dong, JQ; Wu, JS",How to quantify the cooling effect of urban parks? Linking maximum and accumulation perspectives,REMOTE SENSING OF ENVIRONMENT,Article,72,10.1016/j.rse.2020.112135,http://dx.doi.org/10.1016/j.rse.2020.112135,2021
6,"Blickensdorfer, L; Schwieder, M; Pflugmacher, D; Nendel, C; Erasmi, S; Hostert, P","Mapping of crop types and crop sequences with combined time series of Sentinel-1, Sentinel-2 and Landsat 8 data for Germany",REMOTE SENSING OF ENVIRONMENT,Article,70,10.1016/j.rse.2021.112831,http://dx.doi.org/10.1016/j.rse.2021.112831,2022
7,"Wulder, MA; Roy, DP; Radeloff, VC; Loveland, TR; Anderson, MC; Johnson, DM; Healey, S; Zhu, Z; Scambos, TA; Pahlevan, N; Hansen, M; Gorelick, N; Crawford, CJ; Masek, JG; Hermosilla, T; White, JC; Belward, AS; Schaaf, C; Woodcock, CE; Huntington, JL; Lymburner, L; Hostert, P; Gao, F; Lyapustin, A; Pekel, JF; Strobl, P; Cook, BD",Fifty years of Landsat science and impacts,REMOTE SENSING OF ENVIRONMENT,Article,63,10.1016/j.rse.2022.113195,http://dx.doi.org/10.1016/j.rse.2022.113195,2022
8,"Ma, YC; Zhang, Z; Kang, YH; Ozdogan, M",Corn yield prediction and uncertainty analysis based on remotely sensed variables using a Bayesian neural network approach,REMOTE SENSING OF ENVIRONMENT,Article,59,10.1016/j.rse.2021.112408,http://dx.doi.org/10.1016/j.rse.2021.112408,2021
9,"d'Andrimont, R; Verhegghen, A; Lemoine, G; Kempeneers, P; Meroni, M; van der Velde, MV",From parcel to continental scale-A first European crop type map based on Sentinel-1 and LUCAS Copernicus in-situ observations,REMOTE SENSING OF ENVIRONMENT,Article,57,10.1016/j.rse.2021.112708,http://dx.doi.org/10.1016/j.rse.2021.112708,2021
10,"Bilal, M; Mhawish, A; Nichol, JE; Qiu, ZF; Nazeer, M; Ali, MA; de Leeuw, G; Levy, RC; Wang, Y; Chen, Y; Wang, LC; Shi, Y; Bleiweiss, MP; Mazhar, U; Atique, L; Ke, S",Air pollution scenario over Pakistan: Characterization and ranking of extremely polluted cities using long-term concentrations of aerosols and trace gases,REMOTE SENSING OF ENVIRONMENT,Article,56,10.1016/j.rse.2021.112617,http://dx.doi.org/10.1016/j.rse.2021.112617,2021
11,"Meroni, M; d'Andrimont, R; Vrieling, A; Fasbender, D; Lemoine, G; Rembold, F; Seguini, L; Verhegghen, A",Comparing land surface phenology of major European crops as derived from SAR and multispectral data of Sentinel-1 and-2,REMOTE SENSING OF ENVIRONMENT,Article,52,10.1016/j.rse.2020.112232,http://dx.doi.org/10.1016/j.rse.2020.112232,2021
12,"Bishop-Taylor, R; Nanson, R; Sagar, S; Lymburner, L",Mapping Australia's dynamic coastline at mean sea level using three decades of Landsat imagery,REMOTE SENSING OF ENVIRONMENT,Article,51,10.1016/j.rse.2021.112734,http://dx.doi.org/10.1016/j.rse.2021.112734,2021
13,"Xing, ZP; Fan, L; Zhao, L; De Lannoy, G; Frappart, F; Peng, J; Li, XJ; Zeng, JY; Al-Yaari, A; Yang, K; Zhao, TJ; Shi, JC; Wang, MJ; Liu, XZ; Hu, GJ; Xiao, Y; Du, EJ; Li, R; Qiao, YP; Shi, JZ; Wen, JG; Ma, MG; Wigneron, JP",A first assessment of satellite and reanalysis estimates of surface and root-zone soil moisture over the permafrost region of Qinghai-Tibet Plateau,REMOTE SENSING OF ENVIRONMENT,Article,50,10.1016/j.rse.2021.112666,http://dx.doi.org/10.1016/j.rse.2021.112666,2021
14,"Lang, N; Kalischek, N; Armston, J; Schindler, K; Dubayah, R; Wegner, JD",Global canopy height regression and uncertainty estimation from GEDI LIDAR waveforms with deep ensembles,REMOTE SENSING OF ENVIRONMENT,Article,48,10.1016/j.rse.2021.112760,http://dx.doi.org/10.1016/j.rse.2021.112760,2022
15,"Donlon, CJ; Cullen, R; Giulicchi, L; Vuilleumier, P; Francis, CR; Kuschnerus, M; Simpson, W; Bouridah, A; Caleno, M; Bertoni, R; Rancano, J; Pourier, E; Hyslop, A; Mulcahy, J; Knockaert, R; Hunter, C; Webb, A; Fornari, M; Vaze, P; Brown, S; Willis, J; Desai, S; Desjonqueres, JD; Scharroo, R; Martin-Puig, C; Leuliette, E; Egido, A; Smith, WHF; Bonnefond, P; Le Gac, S; Picot, N; Tavernier, G",The Copernicus Sentinel-6 mission: Enhanced continuity of satellite sea level measurements from space,REMOTE SENSING OF ENVIRONMENT,Article,48,10.1016/j.rse.2021.112395,http://dx.doi.org/10.1016/j.rse.2021.112395,2021
16,"Zhan, P; Zhu, WQ; Li, N",An automated rice mapping method based on flooding signals in synthetic aperture radar time series,REMOTE SENSING OF ENVIRONMENT,Article,48,10.1016/j.rse.2020.112112,http://dx.doi.org/10.1016/j.rse.2020.112112,2021
17,"Su, X; Wang, LC; Zhang, M; Qin, WM; Bilal, M",A High-Precision Aerosol Retrieval Algorithm (HiPARA) for Advanced Himawari Imager (AHI) data: Development and verification,REMOTE SENSING OF ENVIRONMENT,Article,47,10.1016/j.rse.2020.112221,http://dx.doi.org/10.1016/j.rse.2020.112221,2021
18,"Yang, LQ; Guan, QY; Lin, JK; Tian, J; Tan, Z; Li, HC",Evolution of NDVI secular trends and responses to climate change: A perspective from nonlinearity and nonstationarity characteristics,REMOTE SENSING OF ENVIRONMENT,Article,44,10.1016/j.rse.2020.112247,http://dx.doi.org/10.1016/j.rse.2020.112247,2021
19,"Hemmerling, J; Pflugmacher, D; Hostert, P",Mapping temperate forest tree species using dense Sentinel-2 time series,REMOTE SENSING OF ENVIRONMENT,Article,42,10.1016/j.rse.2021.112743,http://dx.doi.org/10.1016/j.rse.2021.112743,2021
20,"Moon, M; Richardson, AD; Friedl, MA","Multiscale assessment of land surface phenology from harmonized Landsat 8 and Sentinel-2, PlanetScope, and PhenoCam imagery",REMOTE SENSING OF ENVIRONMENT,Article,41,10.1016/j.rse.2021.112716,http://dx.doi.org/10.1016/j.rse.2021.112716,2021
21,"Dixon, DJ; Callow, JN; Duncan, JMA; Setterfield, SA; Pauli, N",Satellite prediction of forest flowering phenology,REMOTE SENSING OF ENVIRONMENT,Article,41,10.1016/j.rse.2020.112197,http://dx.doi.org/10.1016/j.rse.2020.112197,2021
22,"Esch, T; Brzoska, E; Dech, S; Leutner, B; Palacios-Lopez, D; Metz-Marconcini, A; Marconcini, M; Roth, A; Zeidler, J",World Settlement Footprint 3D-A first three-dimensional survey of the global building stock,REMOTE SENSING OF ENVIRONMENT,Article,39,10.1016/j.rse.2021.112877,http://dx.doi.org/10.1016/j.rse.2021.112877,2022
23,"Chu, D; Shen, HF; Guan, XB; Chen, JM; Li, XH; Li, J; Zhang, LP",Long time-series NDVI reconstruction in cloud-prone regions via spatio-temporal tensor completion,REMOTE SENSING OF ENVIRONMENT,Article,39,10.1016/j.rse.2021.112632,http://dx.doi.org/10.1016/j.rse.2021.112632,2021
24,"Zhu, XX; Qiu, CP; Hu, JL; Shi, YL; Wang, YY; Schmitt, H; Taubenbock, H",The urban morphology on our planet-Global perspectives from space,REMOTE SENSING OF ENVIRONMENT,Article,38,10.1016/j.rse.2021.112794,http://dx.doi.org/10.1016/j.rse.2021.112794,2022
25,"Balenzano, A; Mattia, F; Satalino, G; Lovergine, FP; Palmisano, D; Peng, J; Marzahn, P; Wegmuller, U; Cartus, O; Dabrowska-Zielinska, K; Musial, JP; Davidson, MWJ; Pauwels, VRN; Cosh, MH; McNairn, H; Johnson, JT; Walker, JP; Yueh, SH; Entekhabi, D; Kerr, YH; Jackson, TJ",Sentinel-1 soil moisture at 1 km resolution: a validation study,REMOTE SENSING OF ENVIRONMENT,Article,38,10.1016/j.rse.2021.112554,http://dx.doi.org/10.1016/j.rse.2021.112554,2021
26,"Deines, JM; Patel, R; Liang, SZ; Dado, W; Lobell, DB",A million kernels of truth: Insights into scalable satellite maize yield mapping and yield gap analysis from an extensive ground dataset in the US Corn,REMOTE SENSING OF ENVIRONMENT,Article,38,10.1016/j.rse.2020.112174,http://dx.doi.org/10.1016/j.rse.2020.112174,2021
27,"Liu, XQ; Su, YJ; Hu, TY; Yang, QL; Liu, BB; Deng, YF; Tang, H; Tang, ZY; Fang, JY; Guo, QH",Neural network guided interpolation for mapping canopy height of China's forests by integrating GEDI and ICESat-2 data,REMOTE SENSING OF ENVIRONMENT,Article,37,10.1016/j.rse.2021.112844,http://dx.doi.org/10.1016/j.rse.2021.112844,2022
28,"Karthikeyan, L; Mishra, AK",Multi-layer high-resolution soil moisture estimation using machine learning over the United States,REMOTE SENSING OF ENVIRONMENT,Article,37,10.1016/j.rse.2021.112706,http://dx.doi.org/10.1016/j.rse.2021.112706,2021
29,"Mhawish, A; Sorek-Hamer, M; Chatfield, R; Banerjee, T; Bilal, M; Kumar, M; Sarangi, C; Franklin, M; Chau, K; Garay, M; Kalashnikova, O",Aerosol characteristics from earth observation systems: A comprehensive investigation over South Asia (2000?2019),REMOTE SENSING OF ENVIRONMENT,Article,37,10.1016/j.rse.2021.112410,http://dx.doi.org/10.1016/j.rse.2021.112410,2021
0,"Rantanen, M; Karpechko, AY; Lipponen, A; Nordling, K; Hyvarinen, O; Ruosteenoja, K; Vihma, T; Laaksonen, A",The Arctic has warmed nearly four times faster than the globe since 1979,COMMUNICATIONS EARTH & ENVIRONMENT,Article,253,10.1038/s43247-022-00498-3,http://dx.doi.org/10.1038/s43247-022-00498-3,2022
1,"Hallegraeff, GM; Anderson, DM; Belin, C; Bottein, MYD; Bresnan, E; Chinain, M; Enevoldsen, H; Iwataki, M; Karlson, B; McKenzie, CH; Sunesen, I; Pitcher, GC; Provoost, P; Richardson, A; Schweibold, L; Tester, PA; Trainer, VL; Yniguez, AT; Zingone, A",Perceived global increase in algal blooms is attributable to intensified monitoring and emerging bloom impacts,COMMUNICATIONS EARTH & ENVIRONMENT,Article,135,10.1038/s43247-021-00178-8,http://dx.doi.org/10.1038/s43247-021-00178-8,2021
2,"Liu, PRR; Raftery, AE",Country-based rate of emissions reductions should increase by 80% beyond nationally determined contributions to meet the 2 degrees C target,COMMUNICATIONS EARTH & ENVIRONMENT,Article,67,10.1038/s43247-021-00097-8,http://dx.doi.org/10.1038/s43247-021-00097-8,2021
3,"Abatzoglou, JT; Battisti, DS; Williams, AP; Hansen, WD; Harvey, BJ; Kolden, CA",Projected increases in western US forest fire despite growing fuel constraints,COMMUNICATIONS EARTH & ENVIRONMENT,Article,66,10.1038/s43247-021-00299-0,http://dx.doi.org/10.1038/s43247-021-00299-0,2021
4,"Voigt, C; Kleine, J; Sauer, D; Moore, RH; Brauer, T; Le Clercq, P; Kaufmann, S; Scheibe, M; Jurkat-Witschas, T; Aigner, M; Bauder, U; Boose, Y; Borrmann, S; Crosbie, E; Diskin, GS; DiGangi, J; Hahn, V; Heckl, C; Huber, F; Nowak, JB; Rapp, M; Rauch, B; Robinson, C; Schripp, T; Shook, M; Winstead, E; Ziemba, L; Schlager, H; Anderson, BE",Cleaner burning aviation fuels can reduce contrail cloudiness,COMMUNICATIONS EARTH & ENVIRONMENT,Article,57,10.1038/s43247-021-00174-y,http://dx.doi.org/10.1038/s43247-021-00174-y,2021
5,"van der Wiel, K; Bintanja, R",Contribution of climatic changes in mean and variability to monthly temperature and precipitation extremes,COMMUNICATIONS EARTH & ENVIRONMENT,Article,52,10.1038/s43247-020-00077-4,http://dx.doi.org/10.1038/s43247-020-00077-4,2021
6,"Matthews, HD; Tokarska, KB; Rogelj, J; Smith, CJ; MacDougall, AH; Haustein, K; Mengis, N; Sippel, S; Forster, PM; Knutti, R",An integrated approach to quantifying uncertainties in the remaining carbon budget,COMMUNICATIONS EARTH & ENVIRONMENT,Article,46,10.1038/s43247-020-00064-9,http://dx.doi.org/10.1038/s43247-020-00064-9,2021
7,"Yun, KS; Lee, JY; Timmermann, A; Stein, K; Stuecker, MF; Fyfe, JC; Chung, ES",Increasing ENSO-rainfall variability due to changes in future tropical temperature-rainfall relationship,COMMUNICATIONS EARTH & ENVIRONMENT,Article,42,10.1038/s43247-021-00108-8,http://dx.doi.org/10.1038/s43247-021-00108-8,2021
8,"Matiatos, I; Wassenaar, LI; Monteiro, LR; Venkiteswaran, JJ; Gooddy, DC; Boeckx, P; Sacchi, E; Yue, FJ; Michalski, G; Alonso-Hernandez, C; Biasi, C; Bouchaou, L; Edirisinghe, NV; Fadhullah, W; Fianko, JR; Garcia-Moya, A; Kazakis, N; Li, SL; Luu, MTN; Priyadarshanee, S; Re, V; Rivera, DS; Romanelli, A; Sanyal, P; Tamooh, F; Trinh, DA; Walters, W; Welti, N",Global patterns of nitrate isotope composition in rivers and adjacent aquifers reveal reactive nitrogen cascading,COMMUNICATIONS EARTH & ENVIRONMENT,Article,41,10.1038/s43247-021-00121-x,http://dx.doi.org/10.1038/s43247-021-00121-x,2021
9,"Mi, ZF; Sun, XL",Provinces with transitions in industrial structure and energy mix performed best in climate change mitigation in China,COMMUNICATIONS EARTH & ENVIRONMENT,Article,36,10.1038/s43247-021-00258-9,http://dx.doi.org/10.1038/s43247-021-00258-9,2021
10,"Brunner, MI; Swain, DL; Wood, RR; Willkofer, F; Done, JM; Gilleland, E; Ludwig, R",An extremeness threshold determines the regional response of floods to changes in rainfall extremes,COMMUNICATIONS EARTH & ENVIRONMENT,Article,34,10.1038/s43247-021-00248-x,http://dx.doi.org/10.1038/s43247-021-00248-x,2021
11,"Choi, Y; Morlighem, M; Rignot, E; Wood, M",Ice dynamics will remain a primary driver of Greenland ice sheet mass loss over the next century,COMMUNICATIONS EARTH & ENVIRONMENT,Article,32,10.1038/s43247-021-00092-z,http://dx.doi.org/10.1038/s43247-021-00092-z,2021
12,"Sha, ZY; Bai, YF; Li, RR; Lan, H; Zhang, XL; Li, JT; Liu, XF; Chang, SJ; Xie, YC",The global carbon sink potential of terrestrial vegetation can be increased substantially by optimal land management,COMMUNICATIONS EARTH & ENVIRONMENT,Article,31,10.1038/s43247-021-00333-1,http://dx.doi.org/10.1038/s43247-021-00333-1,2022
13,"Dobrowski, SZ; Littlefield, CE; Lyons, DS; Hollenberg, C; Carroll, C; Parks, SA; Abatzoglou, JT; Hegewisch, K; Gage, J",Protected-area targets could be undermined by climate change-driven shifts in ecoregions and biomes,COMMUNICATIONS EARTH & ENVIRONMENT,Article,30,10.1038/s43247-021-00270-z,http://dx.doi.org/10.1038/s43247-021-00270-z,2021
14,"Ionita, M; Dima, M; Nagavciuc, V; Scholz, P; Lohmann, G","Past megadroughts in central Europe were longer, more severe and less warm than modern droughts",COMMUNICATIONS EARTH & ENVIRONMENT,Article,30,10.1038/s43247-021-00130-w,http://dx.doi.org/10.1038/s43247-021-00130-w,2021
15,"Vinna, LR; Medhaug, I; Schmid, M; Bouffard, D",The vulnerability of lakes to climate change along an altitudinal gradient,COMMUNICATIONS EARTH & ENVIRONMENT,Article,30,10.1038/s43247-021-00106-w,http://dx.doi.org/10.1038/s43247-021-00106-w,2021
16,"Gibson, PB; Chapman, WE; Altinok, A; Delle Monache, L; DeFlorio, MJ; Waliser, DE",Training machine learning models on climate model output yields skillful interpretable seasonal precipitation forecasts,COMMUNICATIONS EARTH & ENVIRONMENT,Article,28,10.1038/s43247-021-00225-4,http://dx.doi.org/10.1038/s43247-021-00225-4,2021
17,"Huang, JL; Hitchcock, P; Maycock, AC; McKenna, CM; Tian, WS",Northern hemisphere cold air outbreaks are more likely to be severe during weak polar vortex conditions,COMMUNICATIONS EARTH & ENVIRONMENT,Article,27,10.1038/s43247-021-00215-6,http://dx.doi.org/10.1038/s43247-021-00215-6,2021
18,"Matthews, HD; Zickfeld, K; Dickau, M; MacIsaac, AJ; Mathesius, S; Nzotungicimpaye, CM; Luers, A",Temporary nature-based carbon removal can lower peak warming in a well-below 2 degrees C scenario,COMMUNICATIONS EARTH & ENVIRONMENT,Article,24,10.1038/s43247-022-00391-z,http://dx.doi.org/10.1038/s43247-022-00391-z,2022
19,"Beyer, RM; Hua, FY; Martin, PA; Manica, A; Rademacher, T",Relocating croplands could drastically reduce the environmental impacts of global food production,COMMUNICATIONS EARTH & ENVIRONMENT,Article,24,10.1038/s43247-022-00360-6,http://dx.doi.org/10.1038/s43247-022-00360-6,2022
20,"de Oliveira, BFA; Bottino, MJ; Nobre, P; Nobre, CA",Deforestation and climate change are projected to increase heat stress risk in the Brazilian Amazon,COMMUNICATIONS EARTH & ENVIRONMENT,Article,24,10.1038/s43247-021-00275-8,http://dx.doi.org/10.1038/s43247-021-00275-8,2021
21,"Scott, A; Oze, C; Shah, V; Yang, N; Shanks, B; Cheeseman, C; Marshall, A; Watson, M",Transformation of abundant magnesium silicate minerals for enhanced CO2 sequestration,COMMUNICATIONS EARTH & ENVIRONMENT,Article,24,10.1038/s43247-021-00099-6,http://dx.doi.org/10.1038/s43247-021-00099-6,2021
22,"Wille, JD; Favier, V; Jourdain, NC; Kittel, C; Turton, JV; Agosta, C; Gorodetskaya, IV; Picard, G; Codron, F; Leroy-Dos Santos, C; Amory, C; Fettweis, X; Blanchet, J; Jomelli, V; Berchet, A",Intense atmospheric rivers can weaken ice shelf stability at the Antarctic Peninsula,COMMUNICATIONS EARTH & ENVIRONMENT,Article,23,10.1038/s43247-022-00422-9,http://dx.doi.org/10.1038/s43247-022-00422-9,2022
23,"Desbruyeres, D; Chafik, L; Maze, G",A shift in the ocean circulation has warmed the subpolar North Atlantic Ocean since 2016,COMMUNICATIONS EARTH & ENVIRONMENT,Article,22,10.1038/s43247-021-00120-y,http://dx.doi.org/10.1038/s43247-021-00120-y,2021
24,"Meier, HEM; Dieterich, C; Groger, M",Natural variability is a large source of uncertainty in future projections of hypoxia in the Baltic Sea,COMMUNICATIONS EARTH & ENVIRONMENT,Article,22,10.1038/s43247-021-00115-9,http://dx.doi.org/10.1038/s43247-021-00115-9,2021
25,"Sellitto, P; Podglajen, A; Belhadji, R; Boichu, M; Carboni, E; Cuesta, J; Duchamp, C; Kloss, C; Siddans, R; Begue, N; Blarel, L; Jegou, F; Khaykin, S; Renard, JB; Legras, B",The unexpected radiative impact of the Hunga Tonga eruption of 15th January 2022,COMMUNICATIONS EARTH & ENVIRONMENT,Article,21,10.1038/s43247-022-00618-z,http://dx.doi.org/10.1038/s43247-022-00618-z,2022
26,"Feinberg, A; Stenke, A; Peter, T; Hinckley, ELS; Driscoll, CT; Winkel, LHE",Reductions in the deposition of sulfur and selenium to agricultural soils pose risk of future nutrient deficiencies,COMMUNICATIONS EARTH & ENVIRONMENT,Article,21,10.1038/s43247-021-00172-0,http://dx.doi.org/10.1038/s43247-021-00172-0,2021
27,"Gonzalez-Herrero, S; Barriopedro, D; Trigo, RM; Lopez-Bustins, JA; Oliva, M",Climate warming amplified the 2020 record-breaking heatwave in the Antarctic Peninsula,COMMUNICATIONS EARTH & ENVIRONMENT,Article,20,10.1038/s43247-022-00450-5,http://dx.doi.org/10.1038/s43247-022-00450-5,2022
28,"Dullaart, JCM; Muis, S; Bloemendaal, N; Chertova, MV; Couasnon, A; Aerts, JCJH",Accounting for tropical cyclones more than doubles the global population exposed to low-probability coastal flooding,COMMUNICATIONS EARTH & ENVIRONMENT,Article,20,10.1038/s43247-021-00204-9,http://dx.doi.org/10.1038/s43247-021-00204-9,2021
0,"Zhang, ZY; Fan, XJ; Peijnenburg, WJGM; Zhang, M; Sun, LW; Zhai, YJ; Yu, Q; Wu, J; Lu, T; Qian, HF",Alteration of dominant cyanobacteria in different bloom periods caused by abiotic factors and species interactions,JOURNAL OF ENVIRONMENTAL SCIENCES,Article,38,10.1016/j.jes.2020.06.001,http://dx.doi.org/10.1016/j.jes.2020.06.001,2021
1,"Zhao, F; Zhan, X; Xu, H; Zhu, GW; Zou, W; Zhu, MY; Kang, LJ; Guo, YL; Zhao, XC; Wang, ZC; Tang, W",New insights into eutrophication management: Importance of temperature and water residence time,JOURNAL OF ENVIRONMENTAL SCIENCES,Article,28,10.1016/j.jes.2021.02.033,http://dx.doi.org/10.1016/j.jes.2021.02.033,2022
0,"Di Sacco, A; Hardwick, KA; Blakesley, D; Brancalion, PHS; Breman, E; Rebola, LC; Chomba, S; Dixon, K; Elliott, S; Ruyonga, G; Shaw, K; Smith, P; Smith, RJ; Antonelli, A","Ten golden rules for reforestation to optimize carbon sequestration, biodiversity recovery and livelihood benefits",GLOBAL CHANGE BIOLOGY,Article,186,10.1111/gcb.15498,http://dx.doi.org/10.1111/gcb.15498,2021
1,"Beillouin, D; Ben-Ari, T; Malezieux, E; Seufert, V; Makowski, D",Positive but variable effects of crop diversification on biodiversity and ecosystem services,GLOBAL CHANGE BIOLOGY,Article,95,10.1111/gcb.15747,http://dx.doi.org/10.1111/gcb.15747,2021
2,"Bergstrom, DM; Wienecke, BC; van den Hoff, J; Hughes, L; Lindenmayer, DB; Ainsworth, TD; Baker, CM; Bland, L; Bowman, DMJS; Brooks, ST; Canadell, JG; Constable, AJ; Dafforn, KA; Depledge, MH; Dickson, CR; Duke, NC; Helmstedt, KJ; Holz, A; Johnson, CR; McGeoch, MA; Melbourne-Thomas, J; Morgain, R; Nicholson, E; Prober, SM; Raymond, B; Ritchie, EG; Robinson, SA; Ruthrof, KX; Setterfield, SA; Sgro, CM; Stark, JS; Travers, T; Trebilco, R; Ward, DFL; Wardle, GM; Williams, KJ; Zylstra, PJ; Shaw, JD",Combating ecosystem collapse from the tropics to the Antarctic,GLOBAL CHANGE BIOLOGY,Article,89,10.1111/gcb.15539,http://dx.doi.org/10.1111/gcb.15539,2021
3,"Li, H; Yang, S; Semenov, MV; Yao, F; Ye, J; Bu, RC; Ma, R; Lin, JJ; Kurganova, I; Wang, XG; Deng, Y; Kravchenko, I; Jiang, Y; Kuzyakov, Y",Temperature sensitivity of SOM decomposition is linked with a K-selected microbial community,GLOBAL CHANGE BIOLOGY,Article,87,10.1111/gcb.15593,http://dx.doi.org/10.1111/gcb.15593,2021
4,"Chen, XB; Hu, YJ; Xia, YH; Zheng, SM; Ma, C; Rui, YC; He, HB; Huang, DY; Zhang, ZH; Ge, TD; Wu, JS; Guggenberger, G; Kuzyakov, Y; Su, YR",Contrasting pathways of carbon sequestration in paddy and upland soils,GLOBAL CHANGE BIOLOGY,Article,80,10.1111/gcb.15595,http://dx.doi.org/10.1111/gcb.15595,2021
5,"Wang, C; Qu, LR; Yang, LM; Liu, DW; Morrissey, E; Miao, RH; Liu, ZP; Wang, QK; Fang, YT; Bai, E",Large-scale importance of microbial carbon use efficiency and necromass to soil organic carbon,GLOBAL CHANGE BIOLOGY,Article,79,10.1111/gcb.15550,http://dx.doi.org/10.1111/gcb.15550,2021
6,"Xu, CH; Xu, X; Ju, CH; Chen, HYH; Wilsey, BJ; Luo, YQ; Fan, W","Long-term, amplified responses of soil organic carbon to nitrogen addition worldwide",GLOBAL CHANGE BIOLOGY,Article,78,10.1111/gcb.15489,http://dx.doi.org/10.1111/gcb.15489,2021
7,"Chen, YZ; Feng, XM; Tian, HQ; Wu, XT; Gao, Z; Feng, Y; Piao, SL; Lv, N; Pan, NQ; Fu, BJ",Accelerated increase in vegetation carbon sequestration in China after 2010: A turning point resulting from climate and human interaction,GLOBAL CHANGE BIOLOGY,Article,73,10.1111/gcb.15854,http://dx.doi.org/10.1111/gcb.15854,2021
8,"Garrabou, J; Gomez-Gras, D; Medrano, A; Cerrano, C; Ponti, M; Schlegel, R; Bensoussan, N; Turicchia, E; Sini, M; Gerovasileiou, V; Teixido, N; Mirasole, A; Tamburello, L; Cebrian, E; Rilov, G; Ledoux, JB; Ben Souissi, J; Khamassi, F; Ghanem, R; Benabdi, M; Grimes, S; Ocana, O; Bazairi, H; Hereu, B; Linares, C; Kersting, DK; la Rovira, G; Ortega, J; Casals, D; Pages-Escola, M; Margarit, N; Capdevila, P; Verdura, J; Ramos, A; Izquierdo, A; Barbera, C; Rubio-Portillo, E; Anton, I; Lopez-Sendino, P; Diaz, D; Vazquez-Luis, M; Duarte, C; Marba, N; Aspillaga, E; Espinosa, F; Grech, D; Guala, I; Azzurro, E; Farina, S; Gambi, MC; Chimienti, G; Montefalcone, M; Azzola, A; Mantas, TP; Fraschetti, S; Ceccherelli, G; Kipson, S; Bakran-Petricioli, T; Petricioli, D; Jimenez, C; Katsanevakis, S; Kizilkaya, IT; Kizilkaya, Z; Sartoretto, S; Elodie, R; Ruitton, S; Comeau, S; Gattuso, JP; Harmelin, JG",Marine heatwaves drive recurrent mass mortalities in the Mediterranean Sea,GLOBAL CHANGE BIOLOGY,Article,69,10.1111/gcb.16301,http://dx.doi.org/10.1111/gcb.16301,2022
9,"Elrys, AS; Ali, A; Zhang, HM; Cheng, Y; Zhang, JB; Cai, ZC; Muller, C; Chang, SX",Patterns and drivers of global gross nitrogen mineralization in soils,GLOBAL CHANGE BIOLOGY,Article,66,10.1111/gcb.15851,http://dx.doi.org/10.1111/gcb.15851,2021
10,"Roe, S; Streck, C; Beach, R; Busch, J; Chapman, M; Daioglou, V; Deppermann, A; Doelman, J; Emmet-Booth, J; Engelmann, J; Fricko, O; Frischmann, C; Funk, J; Grassi, G; Griscom, B; Havlik, P; Hanssen, S; Humpenoder, F; Landholm, D; Lomax, G; Lehmann, J; Mesnildrey, L; Nabuurs, GJ; Popp, A; Rivard, C; Sanderman, J; Sohngen, B; Smith, P; Stehfest, E; Woolf, D; Lawrence, D",Land-based measures to mitigate climate change: Potential and feasibility by country,GLOBAL CHANGE BIOLOGY,Article,60,10.1111/gcb.15873,http://dx.doi.org/10.1111/gcb.15873,2021
11,"Virkkala, AM; Aalto, J; Rogers, BM; Tagesson, T; Treat, CC; Natali, SM; Watts, JD; Potter, S; Lehtonen, A; Mauritz, M; Schuur, EAG; Kochendorfer, J; Zona, D; Oechel, W; Kobayashi, H; Humphreys, E; Goeckede, M; Iwata, H; Lafleur, PM; Euskirchen, ES; Bokhorst, S; Marushchak, M; Martikainen, PJ; Elberling, B; Voigt, C; Biasi, C; Sonnentag, O; Parmentier, FJW; Ueyama, M; Celis, G; St Louis, VL; Emmerton, CA; Peichl, M; Chi, JS; Jarveoja, J; Nilsson, MB; Oberbauer, SF; Torn, MS; Park, SJ; Dolman, H; Mammarella, I; Chae, N; Poyatos, R; Lopez-Blanco, E; Christensen, TR; Kwon, MJ; Sachs, T; Holl, D; Luoto, M",Statistical upscaling of ecosystem CO2 fluxes across the terrestrial tundra and boreal domain: Regional patterns and uncertainties,GLOBAL CHANGE BIOLOGY,Article,57,10.1111/gcb.15659,http://dx.doi.org/10.1111/gcb.15659,2021
12,"Puchalka, R; Dyderski, MK; Vitkova, M; Sadlo, J; Klisz, M; Netsvetov, M; Prokopuk, Y; Matisons, R; Mionskowski, M; Wojda, T; Koprowski, M; Jagodzinski, AM",Black locust (Robinia pseudoacacia L.) range contraction and expansion in Europe under changing climate,GLOBAL CHANGE BIOLOGY,Article,56,10.1111/gcb.15486,http://dx.doi.org/10.1111/gcb.15486,2021
13,"Marchin, RM; Backes, D; Ossola, A; Leishman, MR; Tjoelker, MG; Ellsworth, DS",Extreme heat increases stomatal conductance and drought-induced mortality risk in vulnerable plant species,GLOBAL CHANGE BIOLOGY,Article,54,10.1111/gcb.15976,http://dx.doi.org/10.1111/gcb.15976,2022
14,"Adame, MF; Connolly, RM; Turschwell, MP; Lovelock, CE; Fatoyinbo, T; Lagomasino, D; Goldberg, LA; Holdorf, J; Friess, DA; Sasmito, SD; Sanderman, J; Sievers, M; Buelow, C; Kauffman, JB; Bryan-Brown, D; Brown, CJ",Future carbon emissions from global mangrove forest loss,GLOBAL CHANGE BIOLOGY,Article,54,10.1111/gcb.15571,http://dx.doi.org/10.1111/gcb.15571,2021
15,"Xu, M; Li, XL; Kuyper, TW; Xu, M; Li, XL; Zhang, JL",High microbial diversity stabilizes the responses of soil organic carbon decomposition to warming in the subsoil on the Tibetan Plateau,GLOBAL CHANGE BIOLOGY,Article,52,10.1111/gcb.15553,http://dx.doi.org/10.1111/gcb.15553,2021
16,"Elrys, AS; Wang, J; Metwally, MAS; Cheng, Y; Zhang, JB; Cai, ZC; Chang, SX; Muller, C",Global gross nitrification rates are dominantly driven by soil carbon-to-nitrogen stoichiometry and total nitrogen,GLOBAL CHANGE BIOLOGY,Article,50,10.1111/gcb.15883,http://dx.doi.org/10.1111/gcb.15883,2021
17,"Wang, Y; Yao, ZS; Zhan, Y; Zheng, XH; Zhou, MH; Yan, GX; Wang, L; Werner, C; Butterbach-Bahl, K",Potential benefits of liming to acid soils on climate change mitigation and food security,GLOBAL CHANGE BIOLOGY,Article,48,10.1111/gcb.15607,http://dx.doi.org/10.1111/gcb.15607,2021
18,"Zhang, L; Sun, PS; Huettmann, F; Liu, SR",Where should China practice forestry in a warming world?,GLOBAL CHANGE BIOLOGY,Article,47,10.1111/gcb.16065,http://dx.doi.org/10.1111/gcb.16065,2022
19,"Bottero, A; Forrester, DI; Cailleret, M; Kohnle, U; Gessler, A; Michel, D; Bose, AK; Bauhus, J; Bugmann, H; Cuntz, M; Gillerot, L; Hanewinkel, M; Levesque, M; Ryder, J; Sainte-Marie, J; Schwarz, J; Yousefpour, R; Zamora-Pereira, JC; Rigling, A",Growth resistance and resilience of mixed silver fir and Norway spruce forests in central Europe: Contrasting responses to mild and severe droughts,GLOBAL CHANGE BIOLOGY,Article,47,10.1111/gcb.15737,http://dx.doi.org/10.1111/gcb.15737,2021
20,"van Wees, D; van der Werf, GR; Randerson, JT; Andela, N; Chen, Y; Morton, DC",The role of fire in global forest loss dynamics,GLOBAL CHANGE BIOLOGY,Article,46,10.1111/gcb.15591,http://dx.doi.org/10.1111/gcb.15591,2021
21,"Senf, C; Seidl, R",Storm and fire disturbances in Europe: Distribution and trends,GLOBAL CHANGE BIOLOGY,Article,45,10.1111/gcb.15679,http://dx.doi.org/10.1111/gcb.15679,2021
22,"Yue, K; De Frenne, P; Fornara, DA; Van Meerbeek, K; Li, W; Peng, X; Ni, XY; Peng, Y; Wu, FZ; Yang, YS; Penuelas, J",Global patterns and drivers of rainfall partitioning by trees and shrubs,GLOBAL CHANGE BIOLOGY,Article,44,10.1111/gcb.15644,http://dx.doi.org/10.1111/gcb.15644,2021
23,"Arimitsu, ML; Piatt, JF; Hatch, S; Suryan, RM; Batten, S; Bishop, MA; Campbell, RW; Coletti, H; Cushing, D; Gorman, K; Hopcroft, RR; Kuletz, KJ; Marsteller, C; McKinstry, C; McGowan, D; Moran, J; Pegau, S; Schaefer, A; Schoen, S; Straley, J; von Biela, VR",Heatwave-induced synchrony within forage fish portfolio disrupts energy flow to top pelagic predators,GLOBAL CHANGE BIOLOGY,Article,44,10.1111/gcb.15556,http://dx.doi.org/10.1111/gcb.15556,2021
24,"Chen, AN; Mao, JF; Ricciuto, D; Xiao, JF; Frankenberg, C; Li, X; Thornton, PE; Gu, LH; Knapp, AK",Moisture availability mediates the relationship between terrestrial gross primary production and solar-induced chlorophyll fluorescence: Insights from global-scale variations,GLOBAL CHANGE BIOLOGY,Article,44,10.1111/gcb.15373,http://dx.doi.org/10.1111/gcb.15373,2021
25,"Feng, JG; Tang, M; Zhu, B",Soil priming effect and its responses to nutrient addition along a tropical forest elevation gradient,GLOBAL CHANGE BIOLOGY,Article,42,10.1111/gcb.15587,http://dx.doi.org/10.1111/gcb.15587,2021
26,"Xia, SP; Song, ZL; Li, Q; Guo, LD; Yu, CX; Singh, BP; Fu, XL; Chen, CM; Wang, YD; Wang, HL","Distribution, sources, and decomposition of soil organic matter along a salinity gradient in estuarine wetlands characterized by C:N ratio, delta C-13-delta N-15, and lignin biomarker",GLOBAL CHANGE BIOLOGY,Article,42,10.1111/gcb.15403,http://dx.doi.org/10.1111/gcb.15403,2021
27,"Felton, AJ; Knapp, AK; Smith, MD",Precipitation-productivity relationships and the duration of precipitation anomalies: An underappreciated dimension of climate change,GLOBAL CHANGE BIOLOGY,Article,41,10.1111/gcb.15480,http://dx.doi.org/10.1111/gcb.15480,2021
28,"Ellis, TM; Bowman, DMJS; Jain, P; Flannigan, MD; Williamson, GJ",Global increase in wildfire risk due to climate-driven declines in fuel moisture,GLOBAL CHANGE BIOLOGY,Article,40,10.1111/gcb.16006,http://dx.doi.org/10.1111/gcb.16006,2022
29,"Beillouin, D; Cardinael, R; Berre, D; Boyer, A; Corbeels, M; Fallot, A; Feder, F; Demenois, J","A global overview of studies about land management, land-use change, and climate change effects on soil organic carbon",GLOBAL CHANGE BIOLOGY,Article,38,10.1111/gcb.15998,http://dx.doi.org/10.1111/gcb.15998,2022
0,"Yuan, MM; Guo, X; Wu, LW; Zhang, Y; Xiao, NJ; Ning, DL; Shi, Z; Zhou, XS; Wu, LY; Yang, YF; Tiedje, JM; Zhou, JZ",Climate warming enhances microbial network complexity and stability,NATURE CLIMATE CHANGE,Article,397,10.1038/s41558-021-00989-9,http://dx.doi.org/10.1038/s41558-021-00989-9,2021
1,"Harris, NL; Gibbs, DA; Baccini, A; Birdsey, RA; de Bruin, S; Farina, M; Fatoyinbo, L; Hansen, MC; Herold, M; Houghton, RA; Potapov, PV; Suarez, DR; Roman-Cuesta, RM; Saatchi, SS; Slay, CM; Turubanova, SA; Tyukavina, A",Global maps of twenty-first century forest carbon fluxes,NATURE CLIMATE CHANGE,Article,274,10.1038/s41558-020-00976-6,http://dx.doi.org/10.1038/s41558-020-00976-6,2021
2,"Pokhrel, Y; Felfelani, F; Satoh, Y; Boulange, J; Burek, P; Gadeke, A; Gerten, D; Gosling, SN; Grillakis, M; Gudmundsson, L; Hanasaki, N; Kim, H; Koutroulis, A; Liu, JG; Papadimitriou, L; Schewe, J; Schmied, HM; Stacke, T; Telteu, CE; Thiery, W; Veldkamp, T; Zhao, F; Wada, Y",Global terrestrial water storage and drought severity under climate change,NATURE CLIMATE CHANGE,Article,229,10.1038/s41558-020-00972-w,http://dx.doi.org/10.1038/s41558-020-00972-w,2021
3,"Vicedo-Cabrera, AM; Scovronick, N; Sera, F; Roye, D; Schneider, R; Tobias, A; Astrom, C; Guo, Y; Honda, Y; Hondula, DM; Abrutzky, R; Tong, S; Coelho, MDZS; Saldiva, PHN; Lavigne, E; Correa, PM; Ortega, NV; Kan, H; Osorio, S; Kysely, J; Urban, A; Orru, H; Indermitte, E; Jaakkola, JJK; Ryti, N; Pascal, M; Schneider, A; Katsouyanni, K; Samoli, E; Mayvaneh, F; Entezari, A; Goodman, P; Zeka, A; Michelozzi, P; de'Donato, F; Hashizume, M; Alahmad, B; Diaz, MH; Valencia, CD; Overcenco, A; Houthuijs, D; Ameling, C; Rao, S; Di Ruscio, F; Carrasco-Escobar, G; Seposo, X; Silva, S; Madureira, J; Holobaca, IH; Fratianni, S; Acquaotta, F; Kim, H; Lee, W; Iniguez, C; Forsberg, B; Ragettli, MS; Guo, YLL; Chen, BY; Li, S; Armstrong, B; Aleman, A; Zanobetti, A; Schwartz, J; Dang, TN; Dung, DV; Gillett, N; Haines, A; Mengel, M; Huber, V; Gasparrini, A",The burden of heat-related mortality attributable to recent human-induced climate change,NATURE CLIMATE CHANGE,Article,218,10.1038/s41558-021-01058-x,http://dx.doi.org/10.1038/s41558-021-01058-x,2021
4,"Ortiz-Bobea, A; Ault, TR; Carrillo, CM; Chambers, RG; Lobel, DB",Anthropogenic climate change has slowed global agricultural productivity growth,NATURE CLIMATE CHANGE,Article,204,10.1038/s41558-021-01000-1,http://dx.doi.org/10.1038/s41558-021-01000-1,2021
5,"Ueckerdt, F; Bauer, C; Dirnaichner, A; Everall, J; Sacchi, R; Luderer, G",Potential and risks of hydrogen-based e-fuels in climate change mitigation,NATURE CLIMATE CHANGE,Article,152,10.1038/s41558-021-01032-7,http://dx.doi.org/10.1038/s41558-021-01032-7,2021
6,"Williams, AP; Cook, BI; Smerdon, JE",Rapid intensification of the emerging southwestern North American megadrought in 2020-2021,NATURE CLIMATE CHANGE,Article,150,10.1038/s41558-022-01290-z,http://dx.doi.org/10.1038/s41558-022-01290-z,2022
7,"Fischer, EM; Sippel, S; Knutti, R",Increasing probability of record-shattering climate extremes,NATURE CLIMATE CHANGE,Article,141,10.1038/s41558-021-01092-9,http://dx.doi.org/10.1038/s41558-021-01092-9,2021
8,"Fankhauser, S; Smith, SM; Allen, M; Axelsson, K; Hale, T; Hepburn, C; Kendall, JM; Khosla, R; Lezaun, J; Mitchell-Larson, E; Obersteiner, M; Rajamani, L; Rickaby, R; Seddon, N; Wetzer, T",The meaning of net zero and how to get it right,NATURE CLIMATE CHANGE,Article,132,10.1038/s41558-021-01245-w,http://dx.doi.org/10.1038/s41558-021-01245-w,2022
9,"Windisch, MG; Davin, EL; Seneviratne, SI",Prioritizing forestation based on biogeochemical and local biogeophysical impacts,NATURE CLIMATE CHANGE,Article,132,10.1038/s41558-021-01161-z,http://dx.doi.org/10.1038/s41558-021-01161-z,2021
10,"Loisel, J; Gallego-Sala, AV; Amesbury, MJ; Magnan, G; Anshari, G; Beilman, DW; Benavides, JC; Blewett, J; Camill, P; Charman, DJ; Chawchai, S; Hedgpeth, A; Kleinen, T; Korhola, A; Large, D; Mansilla, CA; Muller, J; van Bellen, S; West, JB; Yu, Z; Bubier, JL; Garneau, M; Moore, T; Sannel, ABK; Page, S; Valiranta, M; Bechtold, M; Brovkin, V; Cole, LES; Chanton, JP; Christensen, TR; Davies, MA; De Vleeschouwer, F; Finkelstein, SA; Frolking, S; Galka, M; Gandois, L; Girkin, N; Harris, LI; Heinemeyer, A; Hoyt, AM; Jones, MC; Joos, F; Juutinen, S; Kaiser, K; Lacourse, T; Lamentowicz, M; Larmola, T; Leifeld, J; Lohila, A; Milner, AM; Minkkinen, K; Moss, P; Naafs, BDA; Nichols, J; O'Donnell, J; Payne, R; Philben, M; Piilo, S; Quillet, A; Ratnayake, AS; Roland, TP; Sjogersten, S; Sonnentag, O; Swindles, GT; Swinnen, W; Talbot, J; Treat, C; Valach, AC; Wu, J",Expert assessment of future vulnerability of the global peatland carbon sink,NATURE CLIMATE CHANGE,Article,131,10.1038/s41558-020-00944-0,http://dx.doi.org/10.1038/s41558-020-00944-0,2021
11,"Gernaat, DEHJ; de Boer, HS; Daioglou, V; Yalew, SG; Muller, C; van Vuuren, DP",Climate change impacts on renewable energy supply,NATURE CLIMATE CHANGE,Article,124,10.1038/s41558-020-00949-9,http://dx.doi.org/10.1038/s41558-020-00949-9,2021
12,"Le Quere, C; Peters, GP; Friedlingstein, P; Andrew, RM; Canadell, JG; Davis, SJ; Jackson, RB; Jones, MW",Fossil CO2 emissions in the post-COVID-19 era,NATURE CLIMATE CHANGE,Article,122,10.1038/s41558-021-01001-0,http://dx.doi.org/10.1038/s41558-021-01001-0,2021
13,"Qin, YW; Xiao, XM; Wigneron, JP; Ciais, P; Brandt, M; Fan, L; Li, XJ; Crowell, S; Wu, XC; Doughty, R; Zhang, Y; Liu, F; Sitch, S; Moore, B",Carbon loss from forest degradation exceeds that from deforestation in the Brazilian Amazon,NATURE CLIMATE CHANGE,Article,117,10.1038/s41558-021-01026-5,http://dx.doi.org/10.1038/s41558-021-01026-5,2021
14,"Nicholls, RJ; Lincke, D; Hinkel, J; Brown, S; Vafeidis, AT; Meyssignac, B; Hanson, SE; Merkens, JL; Fang, JY","A global analysis of subsidence, relative sea-level change and coastal flood exposure",NATURE CLIMATE CHANGE,Article,115,10.1038/s41558-021-00993-z,http://dx.doi.org/10.1038/s41558-021-00993-z,2021
15,"Wei, YM; Kang, JN; Liu, LC; Li, Q; Wang, PT; Hou, JJ; Liang, QM; Liao, H; Huang, SF; Yu, BY",A proposed global layout of carbon capture and storage in line with a 2 degrees C climate target,NATURE CLIMATE CHANGE,Article,109,10.1038/s41558-020-00960-0,http://dx.doi.org/10.1038/s41558-020-00960-0,2021
16,"Zhou, S; Williams, AP; Lintner, BR; Berg, AM; Zhang, Y; Keenan, TF; Cook, BI; Hagemann, S; Seneviratne, SI; Gentine, P",Soil moisture-atmosphere feedbacks mitigate declining water availability in drylands,NATURE CLIMATE CHANGE,Article,109,10.1038/s41558-020-00945-z,http://dx.doi.org/10.1038/s41558-020-00945-z,2021
17,"Chaloner, TM; Gurr, SJ; Bebber, DP",Plant pathogen infection risk tracks global crop yields under climate change,NATURE CLIMATE CHANGE,Article,101,10.1038/s41558-021-01104-8,http://dx.doi.org/10.1038/s41558-021-01104-8,2021
18,"Zheng, GX; Allen, SK; Bao, A; Ballesteros-Canovas, JA; Huss, M; Zhang, GQ; Li, JL; Yuan, Y; Jiang, LL; Yu, T; Chen, WF; Stoffel, M",Increasing risk of glacial lake outburst floods from future Third Pole deglaciation,NATURE CLIMATE CHANGE,Article,98,10.1038/s41558-021-01028-3,http://dx.doi.org/10.1038/s41558-021-01028-3,2021
19,"Shan, YL; Ou, JM; Wang, DP; Zeng, Z; Zhang, SH; Guan, DB; Hubacek, K",Impacts of COVID-19 and fiscal stimuli on global emissions and the Paris Agreement,NATURE CLIMATE CHANGE,Article,98,10.1038/s41558-020-00977-5,http://dx.doi.org/10.1038/s41558-020-00977-5,2021
20,"Soergel, B; Kriegler, E; Weindl, I; Rauner, S; Dirnaichner, A; Ruhe, C; Hofmann, M; Bauer, N; Bertram, C; Bodirsky, BL; Leimbach, M; Leininger, J; Levesque, A; Luderer, G; Pehl, M; Wingens, C; Baumstark, L; Beier, F; Dietrich, JP; Humpenoder, F; von Jeetze, P; Klein, D; Koch, J; Pietzcker, R; Strefler, J; Lotze-Campen, H; Popp, A",A sustainable development pathway for climate action within the UN 2030 Agenda,NATURE CLIMATE CHANGE,Article,97,10.1038/s41558-021-01098-3,http://dx.doi.org/10.1038/s41558-021-01098-3,2021
21,"Zhao, L; Oleson, K; Bou-Zeid, E; Krayenhoff, ES; Bray, A; Zhu, Q; Zheng, ZH; Chen, C; Oppenheimer, M",Global multi-model projections of local urban climates,NATURE CLIMATE CHANGE,Article,97,10.1038/s41558-020-00958-8,http://dx.doi.org/10.1038/s41558-020-00958-8,2021
22,"Berrang-Ford, L; Siders, AR; Lesnikowski, A; Fischer, AP; Callaghan, MW; Haddaway, NR; Mach, KJ; Araos, M; Shah, MAR; Wannewitz, M; Doshi, D; Leiter, T; Matavel, C; Musah-Surugu, JI; Wong-Parodi, G; Antwi-Agyei, P; Ajibade, I; Chauhan, N; Kakenmaster, W; Grady, C; Chalastani, VI; Jagannathan, K; Galappaththi, EK; Sitati, A; Scarpa, G; Totin, E; Davis, K; Hamilton, NC; Kirchhoff, CJ; Kumar, P; Pentz, B; Simpson, NP; Theokritoff, E; Deryng, D; Reckien, D; Zavaleta-Cortijo, C; Ulibarri, N; Segnon, AC; Khavhagali, V; Shang, YY; Zvobgo, L; Zommers, Z; Xu, JR; Williams, PA; Canosa, IV; van Maanen, N; van Bavel, B; van Aalst, M; Turek-Hankins, LL; Trivedi, H; Trisos, CH; Thomas, A; Thakur, S; Templeman, S; Stringer, LC; Sotnik, G; Sjostrom, KD; Singh, C; Sina, MZ; Shukla, R; Sardans, J; Salubi, EA; Chalkasra, LSS; Ruiz-Diaz, R; Richards, C; Pokharel, P; Petzold, J; Penuelas, J; Avila, JP; Murillo, JBP; Ouni, S; Niemann, J; Nielsen, M; New, M; Schwerdtle, PN; Alverio, GN; Mullin, CA; Mullenite, J; Mosurska, A; Morecroft, MD; Minx, JC; Maskell, G; Nunbogu, AM; Magnan, AK; Lwasa, S; Lukas-Sithole, M; Lissner, T; Lilford, O; Koller, SF; Jurjonas, M; Joe, ET; Huynh, LTM; Hill, A; Hernandez, RR; Hegde, G; Hawxwell, T; Harper, S; Harden, A; Haasnoot, M; Gilmore, EA; Gichuki, L; Gatt, A; Garschagen, M; Ford, JD; Forbes, A; Farrell, AD; Enquist, CAF; Elliott, S; Duncan, E; de Perez, EC; Coggins, S; Chen, T; Campbell, D; Browne, KE; Bowen, KJ; Biesbroek, R; Bhatt, ID; Kerr, RB; Barr, SL; Baker, E; Austin, SE; Arotoma-Rojas, I; Anderson, C; Ajaz, W; Agrawal, T; Abu, TZ",A systematic global stocktake of evidence on human adaptation to climate change,NATURE CLIMATE CHANGE,Article,96,10.1038/s41558-021-01170-y,http://dx.doi.org/10.1038/s41558-021-01170-y,2021
23,"Boulton, CA; Lenton, TM; Boers, N",Pronounced loss of Amazon rainforest resilience since the early 2000s,NATURE CLIMATE CHANGE,Article,95,10.1038/s41558-022-01287-8,http://dx.doi.org/10.1038/s41558-022-01287-8,2022
24,"Mora, C; McKenzie, T; Gaw, IM; Dean, JM; Von Hammerstein, H; Knudson, TA; Setter, RO; Smith, CZ; Webster, KM; Patz, JA; Franklin, EC",Over half of known human pathogenic diseases can be aggravated by climate change,NATURE CLIMATE CHANGE,Article,89,10.1038/s41558-022-01426-1,http://dx.doi.org/10.1038/s41558-022-01426-1,2022
25,"Tebaldi, C; Ranasinghe, R; Vousdoukas, M; Rasmussen, DJ; Vega-Westhoff, B; Kirezci, E; Kopp, RE; Sriver, R; Mentaschi, L",Extreme sea levels at different global warming levels,NATURE CLIMATE CHANGE,Article,89,10.1038/s41558-021-01127-1,http://dx.doi.org/10.1038/s41558-021-01127-1,2021
26,"Gampe, D; Zscheischler, J; Reichstein, M; O'Sullivan, M; Smith, WK; Sitch, S; Buermann, W",Increasing impact of warm droughts on northern ecosystem productivity over recent decades,NATURE CLIMATE CHANGE,Article,89,10.1038/s41558-021-01112-8,http://dx.doi.org/10.1038/s41558-021-01112-8,2021
27,"Boers, N",Observation-based early-warning signals for a collapse of the Atlantic Meridional Overturning Circulation,NATURE CLIMATE CHANGE,Article,89,10.1038/s41558-021-01097-4,http://dx.doi.org/10.1038/s41558-021-01097-4,2021
28,"Kraaijenbrink, PDA; Stigter, EE; Yao, TD; Immerzeel, WW",Climate change decisive for Asia's snow meltwater supply,NATURE CLIMATE CHANGE,Article,86,10.1038/s41558-021-01074-x,http://dx.doi.org/10.1038/s41558-021-01074-x,2021
29,"Musselman, KN; Addor, N; Vano, JA; Molotch, NP",Winter melt trends portend widespread declines in snow water resources,NATURE CLIMATE CHANGE,Article,79,10.1038/s41558-021-01014-9,http://dx.doi.org/10.1038/s41558-021-01014-9,2021
0,"He, BJ; Wang, JS; Liu, HM; Ulpiani, G",Localized synergies between heat waves and urban heat islands: Implications on human thermal comfort and urban heat management,ENVIRONMENTAL RESEARCH,Article,178,10.1016/j.envres.2020.110584,http://dx.doi.org/10.1016/j.envres.2020.110584,2021
1,"Koul, B; Yakoob, M; Shah, MP",Agricultural waste management strategies for environmental sustainability,ENVIRONMENTAL RESEARCH,Article,121,10.1016/j.envres.2021.112285,http://dx.doi.org/10.1016/j.envres.2021.112285,2022
2,"Liu, XY; Huang, JP; Li, CY; Zhao, YJ; Wang, DF; Huang, ZW; Yang, KH",The role of seasonality in the spread of COVID-19 pandemic,ENVIRONMENTAL RESEARCH,Article,116,10.1016/j.envres.2021.110874,http://dx.doi.org/10.1016/j.envres.2021.110874,2021
3,"Pravalie, R; Patriche, C; Borrelli, P; Panagos, P; Rosca, B; Dumitrascu, M; Nita, IA; Savulescu, I; Birsan, MV; Bandoc, G",Arable lands under the pressure of multiple land degradation processes. A global perspective,ENVIRONMENTAL RESEARCH,Article,91,10.1016/j.envres.2020.110697,http://dx.doi.org/10.1016/j.envres.2020.110697,2021
4,"Islam, N; Bukhari, Q; Jameel, Y; Shabnam, S; Erzurumluoglu, AM; Siddique, MA; Massaro, JM; D'Agostino, RB",COVID-19 and climatic factors: A global analysis,ENVIRONMENTAL RESEARCH,Article,75,10.1016/j.envres.2020.110355,http://dx.doi.org/10.1016/j.envres.2020.110355,2021
5,"Coccia, M",COVID-19 pandemic over 2020 (with lockdowns) and 2021 (with vaccinations): similar effects for seasonality and environmental factors,ENVIRONMENTAL RESEARCH,Article,64,10.1016/j.envres.2022.112711,http://dx.doi.org/10.1016/j.envres.2022.112711,2022
6,"Bontempi, E; Coccia, M","International trade as critical parameter of COVID-19 spread that outclasses demographic, economic, environmental, and pollution factors",ENVIRONMENTAL RESEARCH,Article,63,10.1016/j.envres.2021.111514,http://dx.doi.org/10.1016/j.envres.2021.111514,2021
7,"Casado-Aranda, LA; Sanchez-Fernandez, J; Viedma-del-Jesus, MI",Analysis of the scientific production of the effect of COVID-19 on the environment: A bibliometric study,ENVIRONMENTAL RESEARCH,Article,56,10.1016/j.envres.2020.110416,http://dx.doi.org/10.1016/j.envres.2020.110416,2021
8,"Wen, C; Akram, R; Irfan, M; Iqbal, W; Dagar, V; Acevedo-Duqued, A; Saydaliev, HB",The asymmetric nexus between air pollution and COVID-19: Evidence from a non-linear panel autoregressive distributed lag model,ENVIRONMENTAL RESEARCH,Article,55,10.1016/j.envres.2022.112848,http://dx.doi.org/10.1016/j.envres.2022.112848,2022
9,"Bezak, N; Mikos, M; Borrelli, P; Alewell, C; Alvarez, P; Anache, JAA; Baartman, J; Ballabio, C; Biddoccu, M; Cerda, A; Chalise, D; Chen, SC; Chen, W; De Girolamo, AM; Gessesse, GD; Deumlich, D; Diodato, N; Efthimiou, N; Erpul, G; Fiener, P; Freppaz, M; Gentile, F; Gericke, A; Haregeweyn, N; Hu, BF; Jeanneau, A; Kaffas, K; Kiani-Harchegani, M; Villuendas, IL; Li, CJ; Lombardo, L; Lopez-Vicente, M; Lucas-Borja, ME; Maerker, M; Miao, CY; Modugno, S; Moller, M; Naipal, V; Nearing, M; Owusu, S; Panday, D; Patault, E; Patriche, CV; Poggio, L; Portes, R; Quijano, L; Rahdari, MR; Renima, M; Ricci, GF; Rodrigo-Comino, J; Saia, S; Samani, AN; Schillaci, C; Syrris, V; Kim, HS; Spinola, DN; Oliveira, PT; Teng, HF; Thapa, R; Vantas, K; Vieira, D; Yang, JE; Yin, SQ; Zema, DA; Zhao, GJ; Panagos, P",Soil erosion modelling: A bibliometric analysis,ENVIRONMENTAL RESEARCH,Article,50,10.1016/j.envres.2021.111087,http://dx.doi.org/10.1016/j.envres.2021.111087,2021
10,"Gomes, E; Inacio, M; Bogdzevic, K; Kalinauskas, M; Karnauskait, D; Pereira, P",Future scenarios impact on land use change and habitat quality in Lithuania,ENVIRONMENTAL RESEARCH,Article,46,10.1016/j.envres.2021.111101,http://dx.doi.org/10.1016/j.envres.2021.111101,2021
11,"Bhat, SA; Bashir, O; Bilal, M; Ishaq, A; Dar, MUD; Kumar, R; Bhat, RA; Sher, F",Impact of COVID-related lockdowns on environmental and climate change scenarios,ENVIRONMENTAL RESEARCH,Article,45,10.1016/j.envres.2021.110839,http://dx.doi.org/10.1016/j.envres.2021.110839,2021
12,"Nottmeyer, LN; Sera, F","Influence of temperature, and of relative and absolute humidity on COVID-19 incidence in England - A multi-city time-series study",ENVIRONMENTAL RESEARCH,Article,40,10.1016/j.envres.2021.110977,http://dx.doi.org/10.1016/j.envres.2021.110977,2021
13,"Munir, M; Ahmad, M; Rehan, M; Saeed, M; Lam, SS; Nizami, AS; Waseem, A; Sultana, S; Zafar, M",Production of high quality biodiesel from novel non-edible Raphnus raphanistrum L. seed oil using copper modified montmorillonite clay catalyst,ENVIRONMENTAL RESEARCH,Article,40,10.1016/j.envres.2020.110398,http://dx.doi.org/10.1016/j.envres.2020.110398,2021
14,"Shakoor, A; Arif, MS; Shahzad, SM; Farooq, TH; Ashraf, F; Altaf, MM; Ahmed, W; Tufail, MA; Ashraf, M",Does biochar accelerate the mitigation of greenhouse gaseous emissions from agricultural soil? - A global meta-analysis,ENVIRONMENTAL RESEARCH,Article,38,10.1016/j.envres.2021.111789,http://dx.doi.org/10.1016/j.envres.2021.111789,2021
15,"Giannico, V; Spano, G; Elia, M; D'Este, M; Sanesi, G; Lafortezza, R","Green spaces, quality of life, and citizen perception in European cities",ENVIRONMENTAL RESEARCH,Article,33,10.1016/j.envres.2021.110922,http://dx.doi.org/10.1016/j.envres.2021.110922,2021
16,"Facciola, A; Lagana, P; Caruso, G",The COVID-19 pandemic and its implications on the environment,ENVIRONMENTAL RESEARCH,Article,31,10.1016/j.envres.2021.111648,http://dx.doi.org/10.1016/j.envres.2021.111648,2021
17,"Iniguez, C; Roye, D; Tobias, A",Contrasting patterns of temperature related mortality and hospitalization by cardiovascular and respiratory diseases in 52 Spanish cities,ENVIRONMENTAL RESEARCH,Article,31,10.1016/j.envres.2020.110191,http://dx.doi.org/10.1016/j.envres.2020.110191,2021
18,"Fang, C; Zheng, RH; Hong, FK; Jiang, YL; Chen, JC; Lin, HS; Lin, LS; Lei, RB; Bailey, C; Bo, J","Microplastics in three typical benthic species from the Arctic: Occurrence, characteristics, sources, and environmental implications",ENVIRONMENTAL RESEARCH,Article,30,10.1016/j.envres.2020.110326,http://dx.doi.org/10.1016/j.envres.2020.110326,2021
19,"Rahman, MS; Rahman, MS",Effects of elevated temperature on prooxidant-antioxidant homeostasis and redox status in the American oyster: Signaling pathways of cellular apoptosis during heat stress,ENVIRONMENTAL RESEARCH,Article,29,10.1016/j.envres.2020.110428,http://dx.doi.org/10.1016/j.envres.2020.110428,2021
20,"Nhamo, L; Ndlela, B",Nexus planning as a pathway towards sustainable environmental and human health post Covid-19,ENVIRONMENTAL RESEARCH,Article,29,10.1016/j.envres.2020.110376,http://dx.doi.org/10.1016/j.envres.2020.110376,2021
21,"Urban, A; Di Napoli, C; Cloke, HL; Kysely, J; Pappenberger, F; Sera, F; Schneider, R; Vicedo-Cabrera, AM; Acquaotta, F; Ragettli, MS; Iniguez, C; Tobias, A; Indermitte, E; Orru, H; Jaakkola, JJK; Ryti, NRI; Pascal, M; Huber, V; Schneider, A; de' Donato, F; Michelozzi, P; Gasparrini, A",Evaluation of the ERA5 reanalysis-based Universal Thermal Climate Index on mortality data in Europe,ENVIRONMENTAL RESEARCH,Article,28,10.1016/j.envres.2021.111227,http://dx.doi.org/10.1016/j.envres.2021.111227,2021
22,"Hu, CC; Feng, JQ; Zhou, N; Zhu, J; Zhang, SC",Hydrochar from corn stalk used as bio-asphalt modifier: High-temperature performance improvement,ENVIRONMENTAL RESEARCH,Article,28,10.1016/j.envres.2020.110157,http://dx.doi.org/10.1016/j.envres.2020.110157,2021
23,"Liu, YR; Li, YP; Yang, X; Huang, GH; Li, YF",Development of an integrated multivariate trend-frequency analysis method: Spatial-temporal characteristics of climate extremes under global warming for Central Asia,ENVIRONMENTAL RESEARCH,Article,25,10.1016/j.envres.2021.110859,http://dx.doi.org/10.1016/j.envres.2021.110859,2021
24,"Mohammadi, A; Mansour, SN; Najafi, ML; Toolabi, A; Abdolahnejad, A; Faraji, M; Miri, M",Probabilistic risk assessment of soil contamination related to agricultural and industrial activities,ENVIRONMENTAL RESEARCH,Article,24,10.1016/j.envres.2021.111837,http://dx.doi.org/10.1016/j.envres.2021.111837,2022
25,"Duan, RX; Huang, GH; Li, YP; Zhou, X; Ren, JY; Tian, CY","Stepwise clustering future meteorological drought projection and multi-level factorial analysis under climate change: A case study of the Pearl River Basin, China",ENVIRONMENTAL RESEARCH,Article,24,10.1016/j.envres.2020.110368,http://dx.doi.org/10.1016/j.envres.2020.110368,2021
26,"Rahman, MM; Bodrud-Doza, M; Shammi, M; Islam, ARMT; Khan, ASM","COVID-19 pandemic, dengue epidemic, and climate change vulnerability in Bangladesh: Scenario assessment for strategic management and policy implications",ENVIRONMENTAL RESEARCH,Article,24,10.1016/j.envres.2020.110303,http://dx.doi.org/10.1016/j.envres.2020.110303,2021
27,"Alengebawy, A; Mohamed, BA; Ghimire, N; Jin, KD; Liu, TT; Samer, M; Ai, P",Understanding the environmental impacts of biogas utilization for energy production through life cycle assessment: An action towards reducing emissions,ENVIRONMENTAL RESEARCH,Article,21,10.1016/j.envres.2022.113632,http://dx.doi.org/10.1016/j.envres.2022.113632,2022
28,"D'Amico, F; Marmiere, M; Righetti, B; Scquizzato, T; Zangrillo, A; Puglisi, R; Landoni, G",COVID-19 seasonality in temperate countries,ENVIRONMENTAL RESEARCH,Article,21,10.1016/j.envres.2021.112614,http://dx.doi.org/10.1016/j.envres.2021.112614,2022
29,"Khorchani, M; Nadal-Romero, E; Lasanta, T; Tague, C",Carbon sequestration and water yield tradeoffs following restoration of abandoned agricultural lands in Mediterranean mountains,ENVIRONMENTAL RESEARCH,Article,21,10.1016/j.envres.2021.112203,http://dx.doi.org/10.1016/j.envres.2021.112203,2022
0,"Smyth, K; Drake, J; Li, YR; Rochman, C; Van Seters, T; Passeport, E",Bioretention cells remove microplastics from urban stormwater,WATER RESEARCH,Article,61,10.1016/j.watres.2020.116785,http://dx.doi.org/10.1016/j.watres.2020.116785,2021
1,"Tong, YD; Xu, XW; Qi, M; Sun, JJ; Zhang, YY; Zhang, W; Wang, MZ; Wang, XJ; Zhang, Y",Lake warming intensifies the seasonal pattern of internal nutrient cycling in the eutrophic lake and potential impacts on algal blooms,WATER RESEARCH,Article,54,10.1016/j.watres.2020.116570,http://dx.doi.org/10.1016/j.watres.2020.116570,2021
2,"Farago, M; Damgaard, A; Madsen, JA; Andersen, JK; Thornberg, D; Andersen, MH; Rygaard, M",From wastewater treatment to water resource recovery: Environmental and economic impacts of full-scale implementation,WATER RESEARCH,Article,45,10.1016/j.watres.2021.117554,http://dx.doi.org/10.1016/j.watres.2021.117554,2021
3,"Chen, C; Sun, MZ; Liu, ZW; Zhang, J; Xiao, K; Zhang, X; Song, GQ; Chang, J; Liu, GL; Wang, H; Huang, X",Robustness of granular activated carbon-synergized anaerobic membrane bioreactor for pilot-scale application over a wide seasonal temperature change,WATER RESEARCH,Article,43,10.1016/j.watres.2020.116552,http://dx.doi.org/10.1016/j.watres.2020.116552,2021
4,"Alimi, OS; Farner, JM; Tufenkji, N",Exposure of nanoplastics to freeze-thaw leads to aggregation and reduced transport in model groundwater environments,WATER RESEARCH,Article,42,10.1016/j.watres.2020.116533,http://dx.doi.org/10.1016/j.watres.2020.116533,2021
5,"Zhou, J; Leavitt, PR; Zhang, YB; Qin, BQ",Anthropogenic eutrophication of shallow lakes: Is it occasional?,WATER RESEARCH,Article,39,10.1016/j.watres.2022.118728,http://dx.doi.org/10.1016/j.watres.2022.118728,2022
6,"Wang, GQ; Xia, XH; Liu, SD; Zhang, L; Zhang, SB; Wang, JF; Xi, NN; Zhang, QR",Intense methane ebullition from urban inland waters and its significant contribution to greenhouse gas emissions,WATER RESEARCH,Article,38,10.1016/j.watres.2020.116654,http://dx.doi.org/10.1016/j.watres.2020.116654,2021
7,"Yuan, JJ; Liu, DY; Xiang, J; He, TH; Kang, H; Ding, WX",Methane and nitrous oxide have separated production zones and distinct emission pathways in freshwater aquaculture ponds,WATER RESEARCH,Article,37,10.1016/j.watres.2020.116739,http://dx.doi.org/10.1016/j.watres.2020.116739,2021
8,"Liu, SS; Hou, JW; Suo, CY; Chen, JY; Liu, XH; Fu, R; Wu, FC",Molecular-level composition of dissolved organic matter in distinct trophic states in Chinese lakes: Implications for eutrophic lake management and the global carbon cycle,WATER RESEARCH,Article,33,10.1016/j.watres.2022.118438,http://dx.doi.org/10.1016/j.watres.2022.118438,2022
9,"Casagli, F; Zuccaro, G; Bernard, O; Steyer, JP; Ficara, E",ALBA: A comprehensive growth model to optimize algae-bacteria wastewater treatment in raceway ponds,WATER RESEARCH,Article,33,10.1016/j.watres.2020.116734,http://dx.doi.org/10.1016/j.watres.2020.116734,2021
10,"Gonzalez-Fernandez, A; Symonds, EM; Gallard-Gongora, JF; Mull, B; Lukasik, JO; Navarro, PR; Aguilar, AB; Peraud, J; Brown, ML; Alvarado, DM; Breitbart, M; Cairns, MR; Harwood, VJ","Relationships among microbial indicators of fecal pollution, microbial source tracking markers, and pathogens in Costa Rican coastal waters",WATER RESEARCH,Article,32,10.1016/j.watres.2020.116507,http://dx.doi.org/10.1016/j.watres.2020.116507,2021
11,"Peng, X; Zhang, L; Li, Y; Lin, QW; He, C; Huang, SZ; Li, H; Zhang, XY; Liu, BY; Ge, FJ; Zhou, QH; Zhang, Y; Wu, ZB",The changing characteristics of phytoplankton community and biomass in subtropical shallow lakes: Coupling effects of land use patterns and lake morphology,WATER RESEARCH,Article,30,10.1016/j.watres.2021.117235,http://dx.doi.org/10.1016/j.watres.2021.117235,2021
12,"Liu, HF; Xu, HW; Wu, Y; Ai, ZM; Zhang, JY; Liu, GB; Xue, S",Effects of natural vegetation restoration on dissolved organic matter (DOM) biodegradability and its temperature sensitivity,WATER RESEARCH,Article,30,10.1016/j.watres.2020.116792,http://dx.doi.org/10.1016/j.watres.2020.116792,2021
13,"Lai, CY; Zhou, LJ; Yuan, ZG; Guo, JH","Hydrogen-driven microbial biogas upgrading: Advances, challenges and solutions",WATER RESEARCH,Article,25,10.1016/j.watres.2021.117120,http://dx.doi.org/10.1016/j.watres.2021.117120,2021
14,"Meng, LZ; Zhao, ZL; Lu, LF; Zhou, J; Luo, D; Fan, R; Li, SD; Jiang, QL; Huang, T; Yang, H; Huang, CC",Source identification of particulate organic carbon using stable isotopes and n-alkanes: modeling and application,WATER RESEARCH,Article,25,10.1016/j.watres.2021.117083,http://dx.doi.org/10.1016/j.watres.2021.117083,2021
15,"Chen, S; Xie, QR; Su, SH; Wu, LB; Zhong, SJ; Zhang, ZM; Ma, C; Qi, YL; Hu, W; Deng, JJ; Ren, LJ; Zhu, DQ; Guo, QJ; Liu, CQ; Jang, KS; Fu, PQ",Source and formation process impact the chemodiversity of rainwater dissolved organic matter along the Yangtze River Basin in summer,WATER RESEARCH,Article,24,10.1016/j.watres.2021.118024,http://dx.doi.org/10.1016/j.watres.2021.118024,2022
16,"Bartosiewicz, M; Maranger, R; Przytulska, A; Laurion, I",Effects of phytoplankton blooms on fluxes and emissions of greenhouse gases in a eutrophic lake,WATER RESEARCH,Article,24,10.1016/j.watres.2021.116985,http://dx.doi.org/10.1016/j.watres.2021.116985,2021
17,"Kong, XZ; Seewald, M; Dadi, T; Friese, K; Mi, CX; Boehrer, B; Schultze, M; Rinke, K; Shatwell, T",Unravelling winter diatom blooms in temperate lakes using high frequency data and ecological modeling,WATER RESEARCH,Article,21,10.1016/j.watres.2020.116681,http://dx.doi.org/10.1016/j.watres.2020.116681,2021
0,"Huang, MT; Zhai, PM",Achieving Paris Agreement temperature goals requires carbon neutrality by middle century with far-reaching transitions in the whole society,ADVANCES IN CLIMATE CHANGE RESEARCH,Article,120,10.1016/j.accre.2021.03.004,http://dx.doi.org/10.1016/j.accre.2021.03.004,2021
1,"Zhang, ZQ; Wu, QB; Hou, MT; Tai, BW; An, YK",Permafrost change in Northeast China in the 1950s-2010s,ADVANCES IN CLIMATE CHANGE RESEARCH,Article,53,10.1016/j.accre.2021.01.006,http://dx.doi.org/10.1016/j.accre.2021.01.006,2021
2,"Tian, L; Song, QJ; Lu, JQ; Qi, Y",An integrated approach to evaluating the coupling coordination degree between low-carbon development and air quality in Chinese cities,ADVANCES IN CLIMATE CHANGE RESEARCH,Article,25,10.1016/j.accre.2021.08.001,http://dx.doi.org/10.1016/j.accre.2021.08.001,2021
3,"Song, X; Wang, DY; Li, F; Zeng, XD",Evaluating the performance of CMIP6 Earth system models in simulating global vegetation structure and distribution,ADVANCES IN CLIMATE CHANGE RESEARCH,Article,23,10.1016/j.accre.2021.06.008,http://dx.doi.org/10.1016/j.accre.2021.06.008,2021
4,"He, RX; Jin, HJ; Luo, DL; Li, XY; Zhou, CAF; Jia, N; Jin, XY; Li, XY; Che, T; Yang, X; Wang, LZ; Li, WH; Wei, CL; Chang, XL; Yu, SP","Permafrost changes in the Nanwenghe Wetlands Reserve on the southern slope of the Da Xing'anling-Yile'huli mountains, Northeast China",ADVANCES IN CLIMATE CHANGE RESEARCH,Article,20,10.1016/j.accre.2021.06.007,http://dx.doi.org/10.1016/j.accre.2021.06.007,2021
5,"Wang, CP; Huang, MT; Zhai, PM",Change in drought conditions and its impacts on vegetation growth over the Tibetan Plateau,ADVANCES IN CLIMATE CHANGE RESEARCH,Article,20,10.1016/j.accre.2021.04.004,http://dx.doi.org/10.1016/j.accre.2021.04.004,2021
0,"Guan, YR; Shan, YL; Huang, Q; Chen, HL; Wang, D; Hubacek, K",Assessment to China's Recent Emission Pattern Shifts,EARTHS FUTURE,Article,139,10.1029/2021EF002241,http://dx.doi.org/10.1029/2021EF002241,2021
1,"Moustakis, Y; Papalexiou, SM; Onof, CJ; Paschalis, A","Seasonality, Intensity, and Duration of Rainfall Extremes Change in a Warmer Climate",EARTHS FUTURE,Article,54,10.1029/2020EF001824,http://dx.doi.org/10.1029/2020EF001824,2021
2,"Luo, M; Lau, NC",Increasing Human-Perceived Heat Stress Risks Exacerbated by Urbanization in China: A Comparative Study Based on Multiple Metrics,EARTHS FUTURE,Article,53,10.1029/2020EF001848,http://dx.doi.org/10.1029/2020EF001848,2021
3,"Ghanbari, M; Arabi, M; Kao, SC; Obeysekera, J; Sweet, W",Climate Change and Changes in Compound Coastal-Riverine Flooding Hazard Along the US Coasts,EARTHS FUTURE,Article,49,10.1029/2021EF002055,http://dx.doi.org/10.1029/2021EF002055,2021
4,"Zhang, SR; Bai, XY; Zhao, CW; Tan, Q; Luo, GJ; Wang, JF; Li, Q; Wu, LH; Chen, F; Li, CJ; Deng, YH; Yang, YJ; Xi, HP",Global CO2 Consumption by Silicate Rock Chemical Weathering: Its Past and Future,EARTHS FUTURE,Article,44,10.1029/2020EF001938,http://dx.doi.org/10.1029/2020EF001938,2021
5,"Sillmann, J; Shepherd, TG; van den Hurk, B; Hazeleger, W; Martius, O; Slingo, J; Zscheischler, J",Event-Based Storylines to Address Climate Risk,EARTHS FUTURE,Article,44,10.1029/2020EF001783,http://dx.doi.org/10.1029/2020EF001783,2021
6,"Bevacqua, E; De Michele, C; Manning, C; Couasnon, A; Ribeiro, AFS; Ramos, AM; Vignotto, E; Bastos, A; Blesic, S; Durante, F; Hillier, J; Oliveira, SC; Pinto, JG; Ragno, E; Rivoire, P; Saunders, K; van der Wiel, K; Wu, WY; Zhang, TY; Zscheischler, J",Guidelines for Studying Diverse Types of Compound Weather and Climate Events,EARTHS FUTURE,Article,43,10.1029/2021EF002340,http://dx.doi.org/10.1029/2021EF002340,2021
7,"Schwingshackl, C; Sillmann, J; Vicedo-Cabrera, AM; Sandstad, M; Aunan, K",Heat Stress Indicators in CMIP6: Estimating Future Trends and Exceedances of Impact-Relevant Thresholds,EARTHS FUTURE,Article,43,10.1029/2020EF001885,http://dx.doi.org/10.1029/2020EF001885,2021
8,"Ullah, I; Saleem, F; Iyakaremye, V; Yin, J; Ma, XY; Syed, S; Hina, S; Asfaw, TG; Omer, A",Projected Changes in Socioeconomic Exposure to Heatwaves in South Asia Under Changing Climate,EARTHS FUTURE,Article,37,10.1029/2021EF002240,http://dx.doi.org/10.1029/2021EF002240,2022
9,"Rakovec, O; Samaniego, L; Hari, V; Markonis, Y; Moravec, V; Thober, S; Hanel, M; Kumar, R",The 2018-2020 Multi-Year Drought Sets a New Benchmark in Europe,EARTHS FUTURE,Article,33,10.1029/2021EF002394,http://dx.doi.org/10.1029/2021EF002394,2022
10,"Stewart, ID; Krayenhoff, ES; Voogt, JA; Lachapelle, JA; Allen, MA; Broadbent, AM",Time Evolution of the Surface Urban Heat Island,EARTHS FUTURE,Article,31,10.1029/2021EF002178,http://dx.doi.org/10.1029/2021EF002178,2021
11,"Xiong, L; Bai, XY; Zhao, CW; Li, YB; Tan, Q; Luo, GJ; Wu, LH; Chen, F; Li, CJ; Ran, C; Xi, HP; Luo, XL; Chen, H; Zhang, SR; Liu, M; Gong, SH; Xiao, BQ; Du, CC; Song, FJ",High-Resolution Data Sets for Global Carbonate and Silicate Rock Weathering Carbon Sinks and Their Change Trends,EARTHS FUTURE,Article,30,10.1029/2022EF002746,http://dx.doi.org/10.1029/2022EF002746,2022
12,"Kemter, M; Fischer, M; Luna, LV; Schonfeldt, E; Vogel, J; Banerjee, A; Korup, O; Thonicke, K",Cascading Hazards in the Aftermath of Australia's 2019/2020 Black Summer Wildfires,EARTHS FUTURE,Article,29,10.1029/2020EF001884,http://dx.doi.org/10.1029/2020EF001884,2021
13,"Brey, SJ; Barnes, EA; Pierce, JR; Swann, ALS; Fischer, EV",Past Variance and Future Projections of the Environmental Conditions Driving Western US Summertime Wildfire Burn Area,EARTHS FUTURE,Article,29,10.1029/2020EF001645,http://dx.doi.org/10.1029/2020EF001645,2021
14,"Dong, ZZ; Wang, L; Sun, Y; Hu, T; Limsakul, A; Singhruck, P; Pimonsree, S",Heatwaves in Southeast Asia and Their Changes in a Warmer World,EARTHS FUTURE,Article,28,10.1029/2021EF001992,http://dx.doi.org/10.1029/2021EF001992,2021
15,"Wu, GL; Cheng, Z; Alatalo, JM; Zhao, JX; Liu, Y",Climate Warming Consistently Reduces Grassland Ecosystem Productivity,EARTHS FUTURE,Article,28,10.1029/2020EF001837,http://dx.doi.org/10.1029/2020EF001837,2021
16,"Kean, JW; Staley, DM",Forecasting the Frequency and Magnitude of Postfire Debris Flows Across Southern California,EARTHS FUTURE,Article,27,10.1029/2020EF001735,http://dx.doi.org/10.1029/2020EF001735,2021
17,"Iglesias, V; Braswell, AE; Rossi, MW; Joseph, MB; McShane, C; Cattau, M; Koontz, MJ; McGlinchy, J; Nagy, RC; Balch, J; Leyk, S; Travis, WR",Risky Development: Increasing Exposure to Natural Hazards in the United States,EARTHS FUTURE,Article,26,10.1029/2020EF001795,http://dx.doi.org/10.1029/2020EF001795,2021
18,"Reddy, PJ; Perkins-Kirkpatrick, SE; Sharples, JJ",Intensifying Australian Heatwave Trends and Their Sensitivity to Observational Data,EARTHS FUTURE,Article,26,10.1029/2020EF001924,http://dx.doi.org/10.1029/2020EF001924,2021
19,"Nicholls, Z; Meinshausen, M; Lewis, J; Corradi, MR; Dorheim, K; Gasser, T; Gieseke, R; Hope, AP; Leach, NJ; McBride, LA; Quilcaille, Y; Rogelj, J; Salawitch, RJ; Samset, BH; Sandstad, M; Shiklomanov, A; Skeie, RB; Smith, CJ; Smith, SJ; Su, X; Tsutsui, J; Vega-Westhoff, B; Woodard, DL",Reduced Complexity Model Intercomparison Project Phase 2: Synthesizing Earth System Knowledge for Probabilistic Climate Projections,EARTHS FUTURE,Article,25,10.1029/2020EF001900,http://dx.doi.org/10.1029/2020EF001900,2021
20,"Chung, ES; Ha, KJ; Timmermann, A; Stuecker, MF; Bodai, T; Lee, SK",Cold-Season Arctic Amplification Driven by Arctic Ocean-Mediated Seasonal Energy Transfer,EARTHS FUTURE,Article,24,10.1029/2020EF001898,http://dx.doi.org/10.1029/2020EF001898,2021
21,"Liu, XC; Liu, WF; Tang, QH; Liu, B; Wada, Y; Yang, H",Global Agricultural Water Scarcity Assessment Incorporating Blue and Green Water Availability Under Future Climate Change,EARTHS FUTURE,Article,23,10.1029/2021EF002567,http://dx.doi.org/10.1029/2021EF002567,2022
22,"Lincke, D; Hinkel, J",Coastal Migration due to 21st Century Sea-Level Rise,EARTHS FUTURE,Article,23,10.1029/2020EF001965,http://dx.doi.org/10.1029/2020EF001965,2021
23,"Ullah, S; You, QL; Chen, DL; Sachindra, DA; AghaKouchak, A; Kang, SC; Li, MC; Zhai, PM; Ullah, W",Future Population Exposure to Daytime and Nighttime Heat Waves in South Asia,EARTHS FUTURE,Article,22,10.1029/2021EF002511,http://dx.doi.org/10.1029/2021EF002511,2022
24,"Wei, YQ; Lu, HY; Wang, JN; Wang, XF; Sun, J",Dual Influence of Climate Change and Anthropogenic Activities on the Spatiotemporal Vegetation Dynamics Over the Qinghai-Tibetan Plateau From 1981 to 2015,EARTHS FUTURE,Article,22,10.1029/2021EF002566,http://dx.doi.org/10.1029/2021EF002566,2022
25,"Reed, PM; Hadjimichael, A; Moss, RH; Brelsford, C; Burleyson, CD; Cohen, S; Dyreson, A; Gold, DF; Gupta, RS; Keller, K; Konar, M; Monier, E; Morris, J; Srikrishnan, V; Voisin, N; Yoon, J",Multisector Dynamics: Advancing the Science of Complex Adaptive Human-Earth Systems,EARTHS FUTURE,Article,22,10.1029/2021EF002621,http://dx.doi.org/10.1029/2021EF002621,2022
26,"Hinkel, J; Feyen, L; Hemer, M; Le Cozannet, G; Lincke, D; Marcos, M; Mentaschi, L; Merkens, JL; de Moel, H; Muis, S; Nicholls, RJ; Vafeidis, AT; van de Wal, RSW; Vousdoukas, MI; Wahl, T; Ward, PJ; Wolff, C",Uncertainty and Bias in Global to Regional Scale Assessments of Current and Future Coastal Flood Risk,EARTHS FUTURE,Article,22,10.1029/2020EF001882,http://dx.doi.org/10.1029/2020EF001882,2021
27,"Chalise, DR; Sankarasubramanian, A; Ruhi, A",Dams and Climate Interact to Alter River Flow Regimes Across the United States,EARTHS FUTURE,Article,22,10.1029/2020EF001816,http://dx.doi.org/10.1029/2020EF001816,2021
28,"Twohy, CH; DeMott, PJ; Russell, LM; Toohey, DW; Rainwater, B; Geiss, R; Sanchez, KJ; Lewis, S; Roberts, GC; Humphries, RS; McCluskey, CS; Moore, KA; Selleck, PW; Keywood, MD; Ward, JP; McRobert, IM",Cloud-Nucleating Particles Over the Southern Ocean in a Changing Climate,EARTHS FUTURE,Article,22,10.1029/2020EF001673,http://dx.doi.org/10.1029/2020EF001673,2021
29,"Wu, GY; Chen, J; Shi, XY; Kim, JS; Xia, J; Zhang, LP",Impacts of Global Climate Warming on Meteorological and Hydrological Droughts and Their Propagations,EARTHS FUTURE,Article,21,10.1029/2021EF002542,http://dx.doi.org/10.1029/2021EF002542,2022
0,"Shan, S; Genc, SY; Kamran, HW; Dinca, G",Role of green technology innovation and renewable energy in carbon neutrality: A sustainable investigation from Turkey,JOURNAL OF ENVIRONMENTAL MANAGEMENT,Article,157,10.1016/j.jenvman.2021.113004,http://dx.doi.org/10.1016/j.jenvman.2021.113004,2021
1,"Iqbal, N; Abbasi, KR; Shinwari, R; Wan, GC; Ahmad, M; Tang, K",Does exports diversification and environmental innovation achieve carbon neutrality target of OECD economies?,JOURNAL OF ENVIRONMENTAL MANAGEMENT,Article,152,10.1016/j.jenvman.2021.112648,http://dx.doi.org/10.1016/j.jenvman.2021.112648,2021
2,"Shao, XF; Zhong, YF; Liu, W; Li, RYM",Modeling the effect of green technology innovation and renewable energy on carbon neutrality in N-11 countries? Evidence from advance panel estimations,JOURNAL OF ENVIRONMENTAL MANAGEMENT,Article,128,10.1016/j.jenvman.2021.113189,http://dx.doi.org/10.1016/j.jenvman.2021.113189,2021
3,"Nguyen, DK; Huynh, TLD; Nasir, MA",Carbon emissions determinants and forecasting: Evidence from G6 countries,JOURNAL OF ENVIRONMENTAL MANAGEMENT,Article,118,10.1016/j.jenvman.2021.111988,http://dx.doi.org/10.1016/j.jenvman.2021.111988,2021
4,"Ahmad, M; Wu, YY","Combined role of green productivity growth, economic globalization, and eco-innovation in achieving ecological sustainability for OECD economies",JOURNAL OF ENVIRONMENTAL MANAGEMENT,Article,116,10.1016/j.jenvman.2021.113980,http://dx.doi.org/10.1016/j.jenvman.2021.113980,2022
5,"Tao, R; Umar, M; Naseer, A; Razi, U",The dynamic effect of eco-innovation and environmental taxes on carbon neutrality target in emerging seven (E7) economies,JOURNAL OF ENVIRONMENTAL MANAGEMENT,Article,116,10.1016/j.jenvman.2021.113525,http://dx.doi.org/10.1016/j.jenvman.2021.113525,2021
6,"Li, MH; Ahmad, M; Fareed, Z; Hassan, T; Kirikkaleli, D","Role of trade openness, export diversification, and renewable electricity output in realizing carbon neutrality dream of China",JOURNAL OF ENVIRONMENTAL MANAGEMENT,Article,100,10.1016/j.jenvman.2021.113419,http://dx.doi.org/10.1016/j.jenvman.2021.113419,2021
7,"Yuan, X; Su, CW; Umar, M; Shao, XF; Lobont, OR",The race to zero emissions: Can renewable energy be the path to carbon neutrality?,JOURNAL OF ENVIRONMENTAL MANAGEMENT,Article,97,10.1016/j.jenvman.2022.114648,http://dx.doi.org/10.1016/j.jenvman.2022.114648,2022
8,"Sun, YP; Duru, OA; Razzaq, A; Dinca, MS",The asymmetric effect eco-innovation and tourism towards carbon neutrality target in Turkey,JOURNAL OF ENVIRONMENTAL MANAGEMENT,Article,96,10.1016/j.jenvman.2021.113653,http://dx.doi.org/10.1016/j.jenvman.2021.113653,2021
9,"Liu, Z; Lan, J; Chien, FS; Sadiq, M; Nawaz, MA",Role of tourism development in environmental degradation: A step towards emission reduction,JOURNAL OF ENVIRONMENTAL MANAGEMENT,Article,89,10.1016/j.jenvman.2021.114078,http://dx.doi.org/10.1016/j.jenvman.2021.114078,2022
10,"Khan, SAR; Ponce, P; Yu, Z",Technological innovation and environmental taxes toward a carbon-free economy: An empirical study in the context of COP-21,JOURNAL OF ENVIRONMENTAL MANAGEMENT,Article,89,10.1016/j.jenvman.2021.113418,http://dx.doi.org/10.1016/j.jenvman.2021.113418,2021
11,"Qin, LG; Kirikkaleli, D; Hou, Y; Miao, X; Tufail, M","Carbon neutrality target for G7 economies: Examining the role of environmental policy, green innovation and composite risk index",JOURNAL OF ENVIRONMENTAL MANAGEMENT,Article,87,10.1016/j.jenvman.2021.113119,http://dx.doi.org/10.1016/j.jenvman.2021.113119,2021
12,"Li, MY; Liang, D; Xia, J; Song, JX; Cheng, DD; Wu, JT; Cao, YL; Sun, HT; Li, Q","Evaluation of water conservation function of Danjiang River Basin in Qinling Mountains, China based on InVEST model",JOURNAL OF ENVIRONMENTAL MANAGEMENT,Article,84,10.1016/j.jenvman.2021.112212,http://dx.doi.org/10.1016/j.jenvman.2021.112212,2021
13,"Ibrahim, M; Vo, XV","Exploring the relationships among innovation, financial sector development and environmental pollution in selected industrialized countries",JOURNAL OF ENVIRONMENTAL MANAGEMENT,Article,81,10.1016/j.jenvman.2021.112057,http://dx.doi.org/10.1016/j.jenvman.2021.112057,2021
14,"Qin, LG; Hou, Y; Miao, X; Zhang, XY; Rahim, S; Kirikkaleli, D",Revisiting financial development and renewable energy electricity role in attaining China's carbon neutrality target,JOURNAL OF ENVIRONMENTAL MANAGEMENT,Article,77,10.1016/j.jenvman.2021.113335,http://dx.doi.org/10.1016/j.jenvman.2021.113335,2021
15,"Ding, YB; Xu, JT; Wang, XW; Cai, HJ; Zhou, ZQ; Sun, YN; Shi, HY",Propagation of meteorological to hydrological drought for different climate regions in China,JOURNAL OF ENVIRONMENTAL MANAGEMENT,Article,75,10.1016/j.jenvman.2021.111980,http://dx.doi.org/10.1016/j.jenvman.2021.111980,2021
16,"Sun, YP; Yesilada, F; Andlib, Z; Ajaz, T",The role of eco-innovation and globalization towards carbon neutrality in the USA,JOURNAL OF ENVIRONMENTAL MANAGEMENT,Article,72,10.1016/j.jenvman.2021.113568,http://dx.doi.org/10.1016/j.jenvman.2021.113568,2021
17,"Wang, XX; Huang, JL; Liu, HD",Can China's carbon trading policy help achieve Carbon Neutrality?-A study of policy effects from the Five-sphere Integrated Plan perspective,JOURNAL OF ENVIRONMENTAL MANAGEMENT,Article,65,10.1016/j.jenvman.2021.114357,http://dx.doi.org/10.1016/j.jenvman.2021.114357,2022
18,"Chen, W; Lei, XX; Chakrabortty, R; Pal, SC; Sahana, M; Janizadeh, S",Evaluation of different boosting ensemble machine learning models and novel deep learning and boosting framework for head-cut gully erosion susceptibility,JOURNAL OF ENVIRONMENTAL MANAGEMENT,Article,65,10.1016/j.jenvman.2021.112015,http://dx.doi.org/10.1016/j.jenvman.2021.112015,2021
19,"Hao, Y; Niu, XS; Wang, JZ",Impacts of haze pollution on China's tourism industry: A system of economic loss analysis,JOURNAL OF ENVIRONMENTAL MANAGEMENT,Article,59,10.1016/j.jenvman.2021.113051,http://dx.doi.org/10.1016/j.jenvman.2021.113051,2021
20,"Zhang, DY; Vigne, SA",The causal effect on firm performance of China's financing-pollution emission reduction policy: Firm-level evidence,JOURNAL OF ENVIRONMENTAL MANAGEMENT,Article,55,10.1016/j.jenvman.2020.111609,http://dx.doi.org/10.1016/j.jenvman.2020.111609,2021
21,"Shafique, M; Luo, XW",Environmental life cycle assessment of battery electric vehicles from the current and future energy mix perspective,JOURNAL OF ENVIRONMENTAL MANAGEMENT,Article,54,10.1016/j.jenvman.2021.114050,http://dx.doi.org/10.1016/j.jenvman.2021.114050,2022
22,"Tama, RAZ; Ying, L; Yu, M; Hoque, MM; Adnan, KMM; Sarker, SA",Assessing farmers' intention towards conservation agriculture by using the Extended Theory of Planned Behavior,JOURNAL OF ENVIRONMENTAL MANAGEMENT,Article,53,10.1016/j.jenvman.2020.111654,http://dx.doi.org/10.1016/j.jenvman.2020.111654,2021
23,"Janizadeh, S; Pal, SC; Saha, A; Chowdhuri, I; Ahmadi, K; Mirzaei, S; Mosavi, AH; Tiefenbacher, JP",Mapping the spatial and temporal variability of flood hazard affected by climate and land-use changes in the future,JOURNAL OF ENVIRONMENTAL MANAGEMENT,Article,52,10.1016/j.jenvman.2021.113551,http://dx.doi.org/10.1016/j.jenvman.2021.113551,2021
24,"Dikshit, A; Pradhan, B; Huete, A",An improved SPEI drought forecasting approach using the long short-term memory neural network,JOURNAL OF ENVIRONMENTAL MANAGEMENT,Article,52,10.1016/j.jenvman.2021.111979,http://dx.doi.org/10.1016/j.jenvman.2021.111979,2021
25,"Li, W; Elheddad, M; Doytch, N",The impact of innovation on environmental quality: Evidence for the non-linear relationship of patents and CO2 emissions in China,JOURNAL OF ENVIRONMENTAL MANAGEMENT,Article,51,10.1016/j.jenvman.2021.112781,http://dx.doi.org/10.1016/j.jenvman.2021.112781,2021
26,"Feng, WY; Yang, F; Cen, R; Liu, J; Qu, ZY; Miao, QF; Chen, HY","Effects of straw biochar application on soil temperature, available nitrogen and growth of corn",JOURNAL OF ENVIRONMENTAL MANAGEMENT,Article,50,10.1016/j.jenvman.2020.111331,http://dx.doi.org/10.1016/j.jenvman.2020.111331,2021
27,"Wang, XZ; Wu, JZ; Liu, YL; Hai, XY; Shanguan, ZP; Deng, L",Driving factors of ecosystem services and their spatiotemporal change assessment based on land use types in the Loess Plateau,JOURNAL OF ENVIRONMENTAL MANAGEMENT,Article,48,10.1016/j.jenvman.2022.114835,http://dx.doi.org/10.1016/j.jenvman.2022.114835,2022
28,"Islam, AMT; Islam, HMT; Shahid, S; Khatun, MK; Ali, MM; Rahman, MS; Ibrahim, SM; Almoajel, AM",Spatiotemporal nexus between vegetation change and extreme climatic indices and their possible causes of change,JOURNAL OF ENVIRONMENTAL MANAGEMENT,Article,47,10.1016/j.jenvman.2021.112505,http://dx.doi.org/10.1016/j.jenvman.2021.112505,2021
29,"Jiang, MH; An, HZ; Gao, XY; Jia, NA; Liu, SY; Zheng, HL",Structural decomposition analysis of global carbon emissions: The contributions of domestic and international input changes,JOURNAL OF ENVIRONMENTAL MANAGEMENT,Article,46,10.1016/j.jenvman.2021.112942,http://dx.doi.org/10.1016/j.jenvman.2021.112942,2021
0,"Eddy, TD; Lam, VWY; Reygondeau, G; Cisneros-Montemayor, AM; Greer, K; Palomares, MLD; Bruno, JF; Ota, Y; Cheung, WWL",Global decline in capacity of coral reefs to provide ecosystem services,ONE EARTH,Article,97,10.1016/j.oneear.2021.08.016,http://dx.doi.org/10.1016/j.oneear.2021.08.016,2021
1,"Supran, G; Oreskes, N",Rhetoric and frame analysis of ExxonMobil's climate change communications,ONE EARTH,Article,74,10.1016/j.oneear.2021.04.014,http://dx.doi.org/10.1016/j.oneear.2021.04.014,2021
2,"Shan, YL; Fang, S; Cai, BF; Zhou, Y; Li, D; Feng, KS; Hubacek, K",Chinese cities exhibit varying degrees of decoupling of economic growth and CO2 emissions between 2005 and 2015,ONE EARTH,Article,71,10.1016/j.oneear.2020.12.004,http://dx.doi.org/10.1016/j.oneear.2020.12.004,2021
3,"Palomo, I; Locatelli, B; Otero, I; Colloff, M; Crouzat, E; Cuni-Sanchez, A; Gomez-Baggethun, E; Gonzalez-Garcia, A; Gret-Regamey, A; Jimenez-Aceituno, A; Martin-Lopez, B; Pascual, U; Zafra-Calvo, N; Bruley, E; Fischborn, M; Metz, R; Lavorel, S",Assessing nature-based solutions for transformative change,ONE EARTH,Article,38,10.1016/j.oneear.2021.04.013,http://dx.doi.org/10.1016/j.oneear.2021.04.013,2021
4,"Wu, C; Venevsky, S; Sitch, S; Mercado, LM; Huntingford, C; Staver, AC",Historical and future global burned area with changing climate and human demography,ONE EARTH,Article,36,10.1016/j.oneear.2021.03.002,http://dx.doi.org/10.1016/j.oneear.2021.03.002,2021
5,"Kummu, M; Heino, M; Taka, M; Varis, O; Viviroli, D",Climate change risks pushing one-third of global food production outside the safe climatic space,ONE EARTH,Article,27,10.1016/j.oneear.2021.04.017,http://dx.doi.org/10.1016/j.oneear.2021.04.017,2021
6,"Zhou, WQ; Huang, GL; Pickett, STA; Wang, J; Cadenasso, ML; McPhearson, T; Grove, JM; Wang, J",Urban tree canopy has greater cooling effects in socially vulnerable communities in the US,ONE EARTH,Article,26,10.1016/j.oneear.2021.11.010,http://dx.doi.org/10.1016/j.oneear.2021.11.010,2021
7,"Senf, C; Sebald, J; Seidl, R",Increasing canopy mortality affects the future demographic structure of Europe's forests,ONE EARTH,Article,26,10.1016/j.oneear.2021.04.008,http://dx.doi.org/10.1016/j.oneear.2021.04.008,2021
8,"Xia, LL; Lam, SK; Kiese, R; Chen, DL; Luo, YQ; van Groenigen, KJ; Ainsworth, EA; Chen, J; Liu, SW; Ma, L; Zhu, YH; Butterbach-Bahl, K",Elevated CO2 negates O-3 impacts on terrestrial carbon and nitrogen cycles,ONE EARTH,Article,24,10.1016/j.oneear.2021.11.009,http://dx.doi.org/10.1016/j.oneear.2021.11.009,2021
9,"Saatchi, S; Longo, M; Xu, L; Yang, Y; Abe, H; Andre, M; Aukema, JE; Carvalhais, N; Cadillo-Quiroz, H; Cerbu, GA; Chernela, JM; Covey, K; Sanchez-Clavijo, LM; Cubillos, IV; Davies, SJ; De Sy, V; De Vleeschouwer, F; Duque, A; Durieux, AMS; Fernandes, KD; Fernandez, LE; Gammino, V; Garrity, DP; Gibbs, DA; Gibbon, L; Gowae, GY; Hansen, M; Harris, NL; Healey, SP; Hilton, RG; Johnson, CM; Kankeu, RS; Laporte-Goetz, NT; Lee, H; Lovejoy, T; Lowman, M; Lumbuenamo, R; Malhi, Y; Martinez, JMMA; Nobre, C; Pellegrini, A; Radachowsky, J; Roman, F; Russell, D; Sheil, D; Smith, TB; Spencer, RGM; Stolle, F; Tata, HL; Torres, DD; Tshimanga, RM; Vargas, R; Venter, M; West, J; Widayati, A; Wilson, SN; Brumby, S; Elmore, AC",Detecting vulnerability of humid tropical forests to multiple stressors,ONE EARTH,Article,22,10.1016/j.oneear.2021.06.002,http://dx.doi.org/10.1016/j.oneear.2021.06.002,2021
10,"Chang, X; Zhao, B; Zheng, HT; Wang, SX; Cai, SY; Guo, FQ; Gui, P; Huang, GH; Wu, D; Han, LC; Xing, J; Man, HY; Hu, RL; Liang, CR; Xu, QC; Qiu, XH; Ding, D; Liu, KY; Han, R; Robinson, AL; Donahue, NM",Full-volatility emission framework corrects missing and underestimated secondary organic aerosol sources,ONE EARTH,Article,21,10.1016/j.oneear.2022.03.015,http://dx.doi.org/10.1016/j.oneear.2022.03.015,2022
11,"Peng, LQ; Liu, FQ; Zhou, M; Li, MW; Zhang, Q; Mauzerall, DL","Alternative-energy-vehicles deployment delivers climate, air quality, and health co-benefits when coupled with decarbonizing power generation in China",ONE EARTH,Article,21,10.1016/j.oneear.2021.07.007,http://dx.doi.org/10.1016/j.oneear.2021.07.007,2021
12,"Pai, S; Emmerling, J; Drouet, L; Zerriffi, H; Jewell, J",Meeting well-below 2 degrees C target would increase energy sector jobs globally,ONE EARTH,Article,20,10.1016/j.oneear.2021.06.005,http://dx.doi.org/10.1016/j.oneear.2021.06.005,2021
13,"Zhong, QR; Tao, S; Ma, JM; Liu, JF; Shen, HZ; Shen, GF; Guan, DB; Yun, X; Meng, WJ; Yu, XY; Cheng, HF; Zhu, DQ; Wan, Y; Hu, JY",PM2.5 reductions in Chinese cities from 2013 to 2019 remain significant despite the inflating effects of meteorological conditions,ONE EARTH,Article,20,10.1016/j.oneear.2021.02.003,http://dx.doi.org/10.1016/j.oneear.2021.02.003,2021
14,"Adger, WN; de Campos, RS; Codjoe, SNA; Siddiqui, T; Hazra, S; Das, S; Adams, H; Gavonel, MF; Mortreux, C; Abu, M",Perceived environmental risks and insecurity reduce future migration intentions in hazardous migration source areas,ONE EARTH,Article,20,10.1016/j.oneear.2020.12.009,http://dx.doi.org/10.1016/j.oneear.2020.12.009,2021
0,"Gelfand, MJ; Jackson, JC; Pan, XY; Nau, D; Pieper, D; Denison, E; Dagher, M; Van Lange, PAM; Chiu, CY; Wang, M",The relationship between cultural tightness-looseness and COVID-19 cases and deaths: a global analysis,LANCET PLANETARY HEALTH,Article,207,10.1016/S2542-5196(20)30301-6,http://dx.doi.org/10.1016/S2542-5196(20)30301-6,2021
1,"Hickman, C; Marks, E; Pihkala, P; Clayton, S; Lewandowski, RE; Mayall, EE; Wray, B; Mellor, C; van Susteren, L",Climate anxiety in children and young people and their beliefs about government responses to climate change: a global survey,LANCET PLANETARY HEALTH,Article,204,,,2021
2,"Tennison, I; Roschnik, S; Ashby, B; Boyd, R; Hamilton, I; Oreszczyn, T; Owen, A; Romanello, M; Ruyssevelt, P; Sherman, JD; Smith, AZP; Steele, K; Watts, N; Eckelman, MJ",Health care's response to climate change: a carbon footprint assessment of the NHS in England,LANCET PLANETARY HEALTH,Article,165,,,2021
3,"Zhao, Q; Guo, YM; Ye, TT; Gasparrini, A; Tong, SL; Overcenco, A; Urban, A; Schneider, A; Entezari, A; Vicedo-Cabrera, AM; Zanobetti, A; Analitis, A; Zeka, A; Tobias, A; Nunes, B; Alahmad, B; Armstrong, B; Forsberg, B; Pan, SC; Iniguez, C; Ameling, C; Valencia, CD; Astrom, C; Houthuijs, D; Dung, DV; Roye, D; Indermitte, E; Lavigne, E; Mayvaneh, F; Acquaotta, F; de'Donato, F; Di Ruscio, F; Sera, F; Carrasco-Escobar, G; Kan, HD; Orru, H; Kim, H; Holobaca, IH; Kysely, J; Madureira, J; Schwartz, J; Jaakkola, JJK; Katsouyanni, K; Diaz, MH; Ragettli, MS; Hashizume, M; Pascal, M; Coelho, MDZS; Ortega, NV; Ryti, N; Scovronick, N; Michelozzi, P; Correa, PM; Goodman, P; Saldiva, PHN; Abrutzky, R; Osorio, S; Rao, S; Fratianni, S; Dang, TN; Colistro, V; Huber, V; Lee, WH; Seposo, X; Honda, Y; Guo, YL; Bell, ML; Li, SS","Global, regional, and national burden of mortality associated with non-optimal ambient temperatures from 2000 to 2019: a three-stage modelling study",LANCET PLANETARY HEALTH,Article,158,,,2021
4,"Herrero, M; Thornton, PK; Mason-D'Croz, D; Palmer, J; Bodirsky, BL; Pradhan, P; Barrett, CB; Benton, TG; Hall, A; Pikaar, I; Bogard, JR; Bonnett, GD; Bryan, BA; Campbell, BM; Christensen, S; Clark, M; Fanzo, J; Godde, CM; Jarvis, A; Loboguerrero, AM; Mathys, A; McIntyre, CL; Naylor, RL; Nelson, R; Obersteiner, M; Parodi, A; Popp, A; Ricketts, K; Smith, P; Valin, H; Vermeulen, SJ; Vervoort, J; van Wijk, M; van Zanten, HHE; West, PC; Wood, SA; Rockstrom, J",Articulating the effect of food systems innovation on the Sustainable Development Goals,LANCET PLANETARY HEALTH,Article,92,10.1016/S2542-5196(20)30277-1,http://dx.doi.org/10.1016/S2542-5196(20)30277-1,2021
5,"Colon-Gonzalez, FJ; Sewe, MO; Tompkins, AM; Sjodin, H; Casallas, A; Rocklov, J; Caminade, C; Lowe, R","Projecting the risk of mosquito-borne diseases in a warmer and more populated world: a multi-model, multi-scenario intercomparison modelling study",LANCET PLANETARY HEALTH,Article,69,,,2021
6,"Kotcher, J; Maibach, E; Miller, J; Campbell, E; Alqodmani, L; Maiero, M; Wyns, A",e316,LANCET PLANETARY HEALTH,Article,66,10.1016/S2542-5196(21)00053-X,http://dx.doi.org/10.1016/S2542-5196(21)00053-X,2021
7,"Hamilton, I; Kennard, H; McGushin, A; Hoglund-Isaksson, L; Kiesewetter, G; Lott, M; Milner, J; Purohit, P; Rafaj, P; Sharma, R; Springmann, M; Woodcock, J; Watts, N",The public health implications of the Paris Agreement: a modelling study,LANCET PLANETARY HEALTH,Article,54,,,2021
8,"Springmann, M; Clark, MA; Rayner, M; Scarborough, P; Webb, P",The global and regional costs of healthy and sustainable dietary patterns: a modelling study,LANCET PLANETARY HEALTH,Article,47,10.1016/S2542-5196(21)00251-5,http://dx.doi.org/10.1016/S2542-5196(21)00251-5,2021
9,"Lin, BB; Ossola, A; Alberti, M; Andersson, E; Bai, XM; Dobbs, C; Elmqvist, T; Evans, KL; Frantzeskaki, N; Fuller, RA; Gaston, KJ; Haase, D; Jim, CY; Konijnendijk, C; Nagendra, H; Niemela, J; McPhearson, T; Moomaw, WR; Parnell, S; Pataki, D; Ripple, WJ; Tan, PY",Integrating solutions to adapt cities for climate change,LANCET PLANETARY HEALTH,Article,42,,,2021
10,"Redvers, N; Celidwen, Y; Schultz, C; Horn, O; Githaiga, C; Vera, M; Perdrisat, M; Plume, LM; Kobei, D; Kain, MC; Poelina, A; Rojas, JN; Blondin, B",The determinants of planetary health: an Indigenous consensus perspective,LANCET PLANETARY HEALTH,Article,41,10.1016/S2542-5196(21)00354-5,http://dx.doi.org/10.1016/S2542-5196(21)00354-5,2022
11,"Zhang, SH; An, KX; Li, J; Weng, YW; Zhang, SH; Wang, SX; Cai, WJ; Wang, C; Gong, P",Incorporating health co-benefits into technology pathways to achieve China's 2060 carbon neutrality goal: a modelling study,LANCET PLANETARY HEALTH,Article,41,10.1016/S2542-5196(21)00252-7,http://dx.doi.org/10.1016/S2542-5196(21)00252-7,2021
12,"Lawler, OK; Allan, HL; Baxter, PWJ; Castagnino, R; Tor, MC; Dann, LE; Hungerford, J; Karmacharya, D; Lloyd, TJ; Lopez-Jara, MJ; Massie, GN; Novera, J; Rogers, AM; Kark, S",The COVID-19 pandemic is intricately linked to biodiversity loss and ecosystem health,LANCET PLANETARY HEALTH,Article,40,,,2021
13,"Martinez-Solanas, E; Quijal-Zamorano, M; Achebak, H; Petrova, D; Robine, JM; Hermann, FR; Rodo, X; Ballester, J",Projections of temperature-attributable mortality in Europe: a time series analysis of 147 contiguous regions in 16 countries,LANCET PLANETARY HEALTH,Article,34,,,2021
14,"Dasgupta, S; van Maanen, N; Gosling, SN; Piontek, F; Otto, C; Schleussner, CF","Effects of climate change on combined labour productivity and supply: an empirical, multi-model study",LANCET PLANETARY HEALTH,Article,32,,,2021
15,"Lowe, R; Lee, SA; O'Reilly, KM; Brady, OJ; Bastos, L; Carrasco-Escobar, G; Catao, RD; Colon-Gonzalez, FJ; Barcellos, C; Carvalho, MS; Blangiardo, M; Rue, H; Gasparrini, A",Combined effects of hydrometeorological hazards and urbanisation on dengue risk in Brazil: a spatiotemporal modelling study,LANCET PLANETARY HEALTH,Article,32,,,2021
16,"Asseng, S; Spankuch, D; Hernandez-Ochoa, IM; Laporta, J",The upper temperature thresholds of life,LANCET PLANETARY HEALTH,Article,31,,,2021
17,"Xu, B; Wang, JF; Li, ZJ; Xu, CD; Liao, YL; Hu, MG; Yang, J; Lai, SJ; Wang, LP; Yang, WZ",Seasonal association between viral causes of hospitalised acute lower respiratory infections and meteorological factors in China: a retrospective study,LANCET PLANETARY HEALTH,Article,31,,,2021
18,"Thornton, P; Nelson, G; Mayberry, D; Herrero, M",Impacts of heat stress on global cattle production during the 21st century: a modelling study,LANCET PLANETARY HEALTH,Article,29,,,2022
19,"Laine, JE; Huybrechts, I; Gunter, MJ; Ferrari, P; Weiderpass, E; Tsilidis, K; Aune, D; Schulze, MB; Bergmann, M; Temme, EHM; Boer, JMA; Agnoli, C; Ericson, U; Stubbendorff, A; Ibsen, DB; Dahm, CC; Deschasaux, M; Touvier, M; Kesse-Guyot, E; Perez, MJS; Barranco, MR; Tong, TYN; Papier, K; Knuppel, A; Boutron-Ruault, MC; Mancini, F; Severi, G; Srour, B; Kuhn, T; Masala, G; Agudo, A; Skeie, G; Rylander, C; Sandanger, TM; Riboli, E; Vineis, P",Co-benefits from sustainable dietary shifts for population and environmental health: an assessment from a large European cohort study,LANCET PLANETARY HEALTH,Article,26,10.1016/S2542-5196(21)00250-3,http://dx.doi.org/10.1016/S2542-5196(21)00250-3,2021
20,"Trinanes, J; Martinez-Urtaza, J",Future scenarios of risk of Vibrio infections in a warming planet: a global mapping study,LANCET PLANETARY HEALTH,Article,25,,,2021
21,"Liu, Y; Tong, D; Cheng, J; Davis, SJ; Yu, S; Yarlagadda, B; Clarke, LE; Brauer, M; Cohen, AJ; Kan, HD; Xue, T; Zhang, Q",Role of climate goals and clean-air policies on reducing future air pollution deaths in China: a modelling study,LANCET PLANETARY HEALTH,Article,24,,,2022
22,"Ye, TT; Guo, YM; Chen, GB; Yue, X; Xu, RB; Coelho, MDZS; Saldiva, PHN; Zhao, Q; Li, SS","Risk and burden of hospital admissions associated with wildfire-related PM2.5 in Brazil, 2000-15: a nationwide time-series study",LANCET PLANETARY HEALTH,Article,21,,,2021
